gid,latitude,longitude,elevation,offshore,wrf_region,config
147683,27.039436,71.61154,216,0,0,default
249319,30.584235999999997,75.1265,218,0,0,default
83201,24.727692,71.16847,20,0,0,default
211629,29.278786,78.10979499999999,220,0,0,default
216749,29.458977,76.13078,226,0,0,default
153724,27.249709999999997,74.94928,432,0,0,default
155043,27.302222999999998,70.13466,103,0,0,default
41810,23.216331,74.26992,252,0,0,default
125459,26.247405999999998,71.788765,209,0,0,default
136530,26.644104,70.48911,176,0,0,default
91364,25.022469,71.52293,33,0,0,default
249307,30.584235999999997,74.77206,204,0,0,default
127957,26.326874,79.91158,123,0,0,default
179015,28.138924,77.81442,191,0,0,default
240434,30.278609999999997,75.33327,218,0,0,default
210754,29.253021,74.151764,182,0,0,default
184848,28.347092,75.008354,293,0,0,default
165771,27.669075,80.59095,144,0,0,default
148024,27.039436,81.68384,106,0,0,default
105721,25.529938,79.73436,157,0,0,default
126305,26.273909999999997,74.89020500000001,378,0,0,default
141307,26.802414000000002,80.26604,125,0,0,default
115200,25.875946,75.18558,330,0,0,default
193049,28.632659999999998,76.48523,218,0,0,default
146425,26.986801,78.22794,165,0,0,default
229377,29.895248,77.04645,260,0,0,default
134328,26.564873,71.1094,270,0,0,default
138072,26.696907,72.26137,280,0,0,default
118124,25.982193,74.00408,353,0,0,default
119891,26.035294,82.42228,93,0,0,default
167040,27.721375,74.29945,342,0,0,default
119125,26.00875,81.68384,95,0,0,default
146926,27.01313,71.13894,193,0,0,default
127991,26.326874,80.91586,118,0,0,default
84780,24.781334,74.033615,503,0,0,default
173201,27.930351,81.1817,131,0,0,default
102793,25.423279,80.797714,118,0,0,default
182614,28.269073,74.68344,301,0,0,default
210842,29.253021,76.75107,230,0,0,default
204221,29.02082,78.16887,216,0,0,default
114460,25.849358,75.21512,326,0,0,default
163226,27.590569,71.079865,115,0,0,default
116982,25.929085,84.046844,66,0,0,default
114684,25.849358,81.83153,100,0,0,default
198918,28.839859000000004,74.74251600000001,216,0,0,default
168764,27.773659000000002,81.44754,122,0,0,default
187760,28.45102,73.472404,214,0,0,default
99080,25.289818,80.56141,138,0,0,default
197395,28.788086,73.53148,200,0,0,default
138422,26.696907,82.5995,86,0,0,default
147708,27.039436,72.349976,275,0,0,default
124351,26.19442,82.8358,86,0,0,default
120990,26.088364000000002,71.1094,276,0,0,default
164807,27.642899,74.00408,308,0,0,default
115934,25.902511999999998,74.97882,374,0,0,default
104215,25.476623999999997,79.02546,209,0,0,default
173778,27.956444,76.33755,309,0,0,default
156624,27.354706,73.058876,294,0,0,default
207082,29.124077000000003,75.1265,201,0,0,default
179083,28.138924,79.822975,166,0,0,default
172983,27.930351,74.74251600000001,322,0,0,default
127677,26.326874,71.641075,229,0,0,default
72340,24.324607999999998,78.67101,410,0,0,default
111788,25.742989,83.84008,65,0,0,default
139542,26.749657,71.90691,241,0,0,default
151415,27.170906,72.40905,215,0,0,default
147706,27.039436,72.2909,270,0,0,default
184800,28.347092,73.59055,180,0,0,default
114705,25.849358,82.45181,85,0,0,default
93978,25.102737,83.07210500000001,86,0,0,default
183370,28.295090000000002,75.1265,295,0,0,default
140303,26.776040000000002,72.497665,279,0,0,default
109898,25.689766,71.788765,125,0,0,default
163962,27.616737,70.932175,119,0,0,default
156617,27.354706,72.85211,254,0,0,default
125456,26.247405999999998,71.70015,210,0,0,default
257521,30.863540000000004,76.63292,321,0,0,default
169378,27.79979,77.69627,176,0,0,default
102868,25.423279,83.01303,80,0,0,default
230083,29.920845,76.01263399999999,231,0,0,default
151402,27.170906,72.02506,251,0,0,default
176796,28.060753000000002,77.93257,191,0,0,default
120229,26.061821,70.51865,143,0,0,default
197497,28.788086,76.544304,220,0,0,default
144138,26.907821999999996,76.33755,328,0,0,default
154760,27.27597,83.66285,97,0,0,default
180304,28.19101,72.11368,136,0,0,default
59639,23.866226,75.599106,442,0,0,default
94482,25.12947,76.07171,279,0,0,default
173070,27.930351,77.31229,188,0,0,default
141030,26.802414000000002,72.08414,257,0,0,default
165801,27.669075,81.47707,119,0,0,default
49213,23.48751,74.063156,148,0,0,default
118356,25.982193,80.85679,115,0,0,default
136090,26.617714000000003,79.37991,140,0,0,default
108764,25.636505,82.067825,96,0,0,default
126602,26.273909999999997,83.66285,69,0,0,default
143301,26.88147,73.50194,310,0,0,default
192952,28.632659999999998,73.620094,204,0,0,default
166330,27.695220000000003,75.21512,441,0,0,default
173754,27.956444,75.62865,403,0,0,default
136995,26.644104,84.22407,80,0,0,default
215307,29.407515999999998,77.31229,237,0,0,default
123336,26.167907999999997,74.74251600000001,403,0,0,default
167172,27.721375,78.19841,183,0,0,default
87699,24.888573,72.70443,288,0,0,default
201264,28.91745,78.37563,215,0,0,default
105018,25.503288,80.85679,115,0,0,default
149899,27.118340000000003,71.40478,179,0,0,default
219015,29.536102000000003,77.400894,247,0,0,default
175950,28.03469,74.83113,323,0,0,default
95233,25.15622,76.36708,261,0,0,default
115377,25.875946,80.41373,119,0,0,default
69938,24.243843,73.38379,533,0,0,default
190815,28.554855,76.16032,244,0,0,default
144044,26.907821999999996,73.56102,317,0,0,default
72339,24.324607999999998,78.64147,484,0,0,default
195227,28.710403000000003,75.156044,234,0,0,default
113173,25.79618,80.97494,114,0,0,default
101016,25.369919,72.08414,94,0,0,default
228639,29.869637,77.135056,255,0,0,default
87802,24.888573,75.746796,446,0,0,default
118125,25.982193,74.033615,386,0,0,default
117370,25.955635,73.620094,258,0,0,default
127964,26.326874,80.11835,128,0,0,default
187765,28.45102,73.620094,209,0,0,default
227128,29.818398,76.27847,236,0,0,default
106555,25.556587,82.48135,87,0,0,default
122759,26.141388,79.58667,123,0,0,default
112973,25.79618,75.06743,345,0,0,default
161981,27.538193,78.08026,178,0,0,default
249370,30.584235999999997,76.63292,282,0,0,default
136885,26.644104,80.97494,118,0,0,default
124693,26.220924,71.05032,266,0,0,default
50704,23.54168,74.32899499999999,195,0,0,default
93765,25.102737,76.78061,313,0,0,default
216800,29.458977,77.6372,244,0,0,default
187759,28.45102,73.44286,212,0,0,default
141152,26.802414000000002,75.68772,366,0,0,default
88772,24.91536,82.51089,219,0,0,default
147229,27.01313,80.08881,125,0,0,default
132271,26.485603,76.01263399999999,307,0,0,default
154362,27.27597,71.90691,229,0,0,default
131046,26.432709000000003,83.603775,71,0,0,default
161819,27.538193,73.29518,309,0,0,default
147723,27.039436,72.79304,306,0,0,default
176682,28.060753000000002,74.56529,314,0,0,default
123195,26.167907999999997,70.57773,162,0,0,default
117271,25.955635,70.69588,182,0,0,default
81019,24.647179,72.37952,325,0,0,default
213749,29.356049,75.06743,214,0,0,default
178212,28.11287,75.98309,309,0,0,default
152104,27.197174,70.8731,201,0,0,default
153690,27.249709999999997,73.94501,298,0,0,default
123373,26.167907999999997,75.8354,268,0,0,default
135345,26.591293,79.26176,143,0,0,default
162720,27.564377,78.02119,177,0,0,default
180430,28.19101,75.8354,305,0,0,default
117644,25.955635,81.71338,107,0,0,default
156187,27.328459999999996,82.03829,109,0,0,default
147702,27.039436,72.17275,257,0,0,default
112550,25.769585,84.460365,62,0,0,default
154707,27.27597,82.09737,106,0,0,default
158206,27.407158000000003,76.01263399999999,430,0,0,default
56609,23.758132999999997,73.64963,339,0,0,default
169224,27.79979,73.14749,277,0,0,default
216795,29.458977,77.48951,243,0,0,default
131458,26.459159999999997,73.885925,323,0,0,default
137383,26.670509999999997,73.79732,333,0,0,default
210164,29.227241999999997,78.61193,219,0,0,default
151759,27.170906,82.56996,95,0,0,default
164129,27.616737,75.864944,489,0,0,default
107017,25.583244,74.24038,543,0,0,default
143229,26.88147,71.37524,228,0,0,default
121418,26.088364000000002,83.751465,72,0,0,default
184864,28.347092,75.48096,294,0,0,default
144699,26.934158,71.02079,239,0,0,default
159150,27.433372,82.00875,112,0,0,default
157360,27.380936,72.911194,271,0,0,default
172329,27.904251000000002,77.31229,188,0,0,default
104972,25.503288,79.49806,164,0,0,default
132944,26.512040000000002,74.00408,316,0,0,default
162586,27.564377,74.063156,322,0,0,default
144724,26.934158,71.759224,227,0,0,default
121871,26.114876000000002,75.24465,337,0,0,default
148644,27.06575,78.10979499999999,168,0,0,default
86249,24.834969,73.64963,747,0,0,default
140414,26.776040000000002,75.77633,366,0,0,default
247127,30.507920000000002,76.04217,250,0,0,default
203506,28.994987,78.936844,208,0,0,default
161984,27.538193,78.16887,175,0,0,default
178288,28.11287,78.22794,190,0,0,default
247107,30.507920000000002,75.45141600000001,231,0,0,default
145056,26.934158,81.56569,114,0,0,default
148490,27.06575,73.56102,314,0,0,default
220447,29.587479,75.92402,224,0,0,default
170170,27.825905,79.20268,156,0,0,default
145117,26.934158,83.36748,81,0,0,default
240495,30.278609999999997,77.135056,287,0,0,default
133201,26.512040000000002,81.59522,108,0,0,default
119489,26.035294,70.54819,149,0,0,default
208588,29.175674,75.8354,215,0,0,default
117661,25.955635,82.215515,95,0,0,default
205728,29.072456,78.90731,215,0,0,default
207098,29.124077000000003,75.599106,211,0,0,default
184844,28.347092,74.89020500000001,282,0,0,default
108383,25.636505,70.814026,196,0,0,default
126268,26.273909999999997,73.79732,277,0,0,default
182609,28.269073,74.53575,286,0,0,default
113893,25.822777,80.35465,119,0,0,default
114307,25.849358,70.69588,185,0,0,default
120598,26.061821,81.418,109,0,0,default
152250,27.197174,75.18558,392,0,0,default
109238,25.66314,74.18130500000001,546,0,0,default
238946,30.227577,75.156044,214,0,0,default
137308,26.670509999999997,71.582,299,0,0,default
95855,25.182953,72.85211,219,0,0,default
83311,24.727692,74.4176,443,0,0,default
186989,28.425048999999998,72.58628,144,0,0,default
241887,30.329604999999997,74.47668,196,0,0,default
140982,26.802414000000002,70.666336,215,0,0,default
200449,28.891594,76.18986,217,0,0,default
173216,27.930351,81.62476,142,0,0,default
116168,25.902511999999998,81.8906,97,0,0,default
190191,28.528908,79.61621,180,0,0,default
184941,28.347092,77.75535,201,0,0,default
241984,30.329604999999997,77.34182,303,0,0,default
168382,27.773659000000002,70.1642,110,0,0,default
116882,25.929085,81.09309,112,0,0,default
118295,25.982193,79.055,160,0,0,default
106516,25.556587,81.32939,105,0,0,default
78099,24.53975,73.67917,604,0,0,default
135769,26.617714000000003,69.89836,73,0,0,default
189273,28.502945,74.38807,230,0,0,default
96538,25.209671,71.13894,112,0,0,default
95234,25.15622,76.39662,260,0,0,default
167722,27.747513,72.55674,199,0,0,default
172348,27.904251000000002,77.8735,190,0,0,default
133768,26.538459999999997,76.455696,274,0,0,default
156572,27.354706,71.52293,154,0,0,default
132927,26.512040000000002,73.50194,300,0,0,default
101095,25.369919,74.4176,460,0,0,default
145572,26.96048,74.91975,365,0,0,default
184854,28.347092,75.18558,281,0,0,default
110790,25.716376999999998,76.24893,236,0,0,default
54406,23.677001999999998,74.24038,180,0,0,default
103955,25.476623999999997,71.3457,152,0,0,default
75168,24.432228,74.65391,492,0,0,default
159536,27.459587,71.52293,156,0,0,default
218176,29.510399,74.50622,189,0,0,default
141295,26.802414000000002,79.91158,139,0,0,default
141336,26.802414000000002,81.12263,115,0,0,default
166327,27.695220000000003,75.1265,410,0,0,default
135187,26.591293,74.59483,469,0,0,default
86918,24.86177,71.52293,23,0,0,default
99643,25.31652,75.30373399999999,371,0,0,default
189224,28.502945,72.94073,173,0,0,default
105037,25.503288,81.418,105,0,0,default
105535,25.529938,74.24038,535,0,0,default
224873,29.741486,75.33327,212,0,0,default
124034,26.19442,73.472404,238,0,0,default
135069,26.591293,71.1094,276,0,0,default
170717,27.852028000000004,73.472404,277,0,0,default
138328,26.696907,79.822975,137,0,0,default
155986,27.328459999999996,76.10124,466,0,0,default
200378,28.891594,74.09269,208,0,0,default
142534,26.855118,72.73396,320,0,0,default
229333,29.895248,75.746796,226,0,0,default
218269,29.510399,77.253204,245,0,0,default
131534,26.459159999999997,76.13078,284,0,0,default
132988,26.512040000000002,75.30373399999999,344,0,0,default
102473,25.423279,71.3457,122,0,0,default
240422,30.278609999999997,74.97882,209,0,0,default
227151,29.818398,76.95783,254,0,0,default
80482,24.620338,78.405174,360,0,0,default
144985,26.934158,79.46852,148,0,0,default
73751,24.378426,76.57384499999999,324,0,0,default
175408,28.008614,80.7091,141,0,0,default
105073,25.503288,82.48135,88,0,0,default
166511,27.695220000000003,80.56141,145,0,0,default
151798,27.170906,83.72193,95,0,0,default
241880,30.329604999999997,74.26992,190,0,0,default
172097,27.904251000000002,70.45957,100,0,0,default
103358,25.449959,75.599106,310,0,0,default
95447,25.15622,82.68811,84,0,0,default
134016,26.538459999999997,83.781006,78,0,0,default
119661,26.035294,75.62865,293,0,0,default
117391,25.955635,74.24038,509,0,0,default
188717,28.47699,79.85251,178,0,0,default
226348,29.792755,75.1265,208,0,0,default
107829,25.609879,76.33755,226,0,0,default
230004,29.920845,73.67917,171,0,0,default
166178,27.695220000000003,70.72541,129,0,0,default
144077,26.907821999999996,74.53575,398,0,0,default
101835,25.396599,74.38807,464,0,0,default
67093,24.136063,76.89876,376,0,0,default
146293,26.986801,74.32899499999999,345,0,0,default
167243,27.721375,80.29558,142,0,0,default
147636,27.039436,70.223274,115,0,0,default
106296,25.556587,74.83113,382,0,0,default
158439,27.407158000000003,82.894875,92,0,0,default
108521,25.636505,74.89020500000001,380,0,0,default
94352,25.12947,72.23183,117,0,0,default
111486,25.742989,74.91975,360,0,0,default
96172,25.182953,82.215515,75,0,0,default
170114,27.825905,77.54858399999999,190,0,0,default
172892,27.930351,72.0546,141,0,0,default
143919,26.907821999999996,69.86883,65,0,0,default
141834,26.828765999999998,73.94501,318,0,0,default
142604,26.855118,74.80159,431,0,0,default
102771,25.423279,80.14789,144,0,0,default
169906,27.825905,71.40478,107,0,0,default
102059,25.396599,81.00447,108,0,0,default
208531,29.175674,74.151764,186,0,0,default
86910,24.86177,71.28663,50,0,0,default
66259,24.1091,74.151764,389,0,0,default
112950,25.79618,74.38807,454,0,0,default
155405,27.302222999999998,80.82725,134,0,0,default
207025,29.124077000000003,73.44286,157,0,0,default
123298,26.167907999999997,73.620094,255,0,0,default
206441,29.098274,78.08026,211,0,0,default
163597,27.590569,82.03829,114,0,0,default
166507,27.695220000000003,80.44326,138,0,0,default
216817,29.458977,78.139336,231,0,0,default
187922,28.45102,78.25748399999999,199,0,0,default
118054,25.982193,71.93645500000001,164,0,0,default
148519,27.06575,74.4176,359,0,0,default
210062,29.227241999999997,75.599106,211,0,0,default
144674,26.934158,70.28235,130,0,0,default
105026,25.503288,81.09309,106,0,0,default
166411,27.695220000000003,77.60766,185,0,0,default
201194,28.91745,76.30801,221,0,0,default
116555,25.929085,71.43431,190,0,0,default
218193,29.510399,75.008354,200,0,0,default
158949,27.433372,76.07171,440,0,0,default
112098,25.769585,71.1094,230,0,0,default
182786,28.269073,79.7639,169,0,0,default
150323,27.118340000000003,83.92869,94,0,0,default
179651,28.16497,74.71298,305,0,0,default
213764,29.356049,75.51049,212,0,0,default
55896,23.731094,74.47668,276,0,0,default
150225,27.118340000000003,81.03401,125,0,0,default
141853,26.828765999999998,74.50622,401,0,0,default
90854,24.995697,78.3461,305,0,0,default
119149,26.00875,82.39274,88,0,0,default
126187,26.273909999999997,71.40478,252,0,0,default
115928,25.902511999999998,74.80159,388,0,0,default
149566,27.092041,83.45609,88,0,0,default
243405,30.380584999999996,75.54003,230,0,0,default
137611,26.670509999999997,80.531876,129,0,0,default
135274,26.591293,77.1646,289,0,0,default
191477,28.580795000000002,73.82685,198,0,0,default
133626,26.538459999999997,72.26137,253,0,0,default
189295,28.502945,75.03789499999999,254,0,0,default
133782,26.538459999999997,76.86922,263,0,0,default
133127,26.512040000000002,79.40945,141,0,0,default
75144,24.432228,73.94501,406,0,0,default
86912,24.86177,71.3457,21,0,0,default
143254,26.88147,72.11368,259,0,0,default
74385,24.405327,73.41333,608,0,0,default
180498,28.19101,77.843956,196,0,0,default
193802,28.658577,76.83968,216,0,0,default
170181,27.825905,79.527596,149,0,0,default
167184,27.721375,78.55286,175,0,0,default
75129,24.432228,73.50194,563,0,0,default
201295,28.91745,79.2913,200,0,0,default
80281,24.620338,72.468124,258,0,0,default
115090,25.875946,71.93645500000001,150,0,0,default
139085,26.723297,80.29558,118,0,0,default
131522,26.459159999999997,75.77633,298,0,0,default
117660,25.955635,82.185974,94,0,0,default
190018,28.528908,74.50622,242,0,0,default
47737,23.433320000000002,74.24038,183,0,0,default
135821,26.617714000000003,71.43431,311,0,0,default
108811,25.636505,83.45609,74,0,0,default
167906,27.747513,77.991646,184,0,0,default
233840,30.048766999999998,77.54858399999999,283,0,0,default
150277,27.118340000000003,82.56996,93,0,0,default
143228,26.88147,71.3457,221,0,0,default
73759,24.378426,76.81014,430,0,0,default
218978,29.536102000000003,76.30801,228,0,0,default
182766,28.269073,79.17315,167,0,0,default
58843,23.83921,73.97454,230,0,0,default
113992,25.822777,83.27886,78,0,0,default
90776,24.995697,76.04217,266,0,0,default
169523,27.79979,81.97921,127,0,0,default
84049,24.754524,74.32899499999999,431,0,0,default
155889,27.328459999999996,73.23611,305,0,0,default
192374,28.606734999999997,78.43471,201,0,0,default
67022,24.136063,74.80159,506,0,0,default
134399,26.564873,73.20656600000001,257,0,0,default
93648,25.102737,73.324715,340,0,0,default
62580,23.974228,74.91975,480,0,0,default
116673,25.929085,74.91975,379,0,0,default
69278,24.216904,75.77633,398,0,0,default
147189,27.01313,78.90731,152,0,0,default
145765,26.96048,80.62048,129,0,0,default
138319,26.696907,79.55714,143,0,0,default
96059,25.182953,78.87777,292,0,0,default
250812,30.635070000000002,75.45141600000001,231,0,0,default
156904,27.354706,81.32939,116,0,0,default
147703,27.039436,72.202286,259,0,0,default
190172,28.528908,79.055,180,0,0,default
206343,29.098274,75.18558,202,0,0,default
74493,24.405327,76.603386,315,0,0,default
164216,27.616737,78.43471,176,0,0,default
172460,27.904251000000002,81.1817,130,0,0,default
164285,27.616737,80.4728,143,0,0,default
155814,27.328459999999996,71.02079,148,0,0,default
207159,29.124077000000003,77.400894,226,0,0,default
143195,26.88147,70.370964,147,0,0,default
118798,26.00875,72.02506,138,0,0,default
109513,25.66314,82.30412,89,0,0,default
155461,27.302222999999998,82.48135,98,0,0,default
143614,26.88147,82.74719,88,0,0,default
199688,28.865723,75.599106,216,0,0,default
158141,27.407158000000003,74.09269,298,0,0,default
148706,27.06575,79.941124,129,0,0,default
50714,23.54168,74.62437,323,0,0,default
135949,26.617714000000003,75.21512,346,0,0,default
156849,27.354706,79.70483,134,0,0,default
81905,24.674019,76.66246,336,0,0,default
162125,27.538193,82.333664,111,0,0,default
146322,26.986801,75.18558,386,0,0,default
132230,26.485603,74.80159,524,0,0,default
142873,26.855118,82.74719,88,0,0,default
154433,27.27597,74.00408,296,0,0,default
112142,25.769585,72.40905,129,0,0,default
221162,29.613159999999997,75.156044,205,0,0,default
90705,24.995697,73.94501,529,0,0,default
220497,29.587479,77.400894,251,0,0,default
176063,28.03469,78.16887,188,0,0,default
97398,25.236404,74.65391,415,0,0,default
116250,25.902511999999998,84.312675,61,0,0,default
131557,26.459159999999997,76.81014,299,0,0,default
147160,27.01313,78.05072,164,0,0,default
198298,28.813971999999996,78.31656,211,0,0,default
122750,26.141388,79.32084,145,0,0,default
90698,24.995697,73.73824,631,0,0,default
117998,25.982193,70.28235,87,0,0,default
169351,27.79979,76.89876,300,0,0,default
139515,26.749657,71.1094,267,0,0,default
158832,27.433372,72.615814,225,0,0,default
42565,23.243470000000002,74.68344,405,0,0,default
201164,28.91745,75.42188,208,0,0,default
107205,25.583244,79.79343399999999,150,0,0,default
187077,28.425048999999998,75.18558,267,0,0,default
104741,25.503288,72.67489,159,0,0,default
184109,28.321098,75.06743,290,0,0,default
73822,24.378426,78.67101,395,0,0,default
135852,26.617714000000003,72.349976,274,0,0,default
97455,25.236404,76.33755,234,0,0,default
116868,25.929085,80.679565,121,0,0,default
215208,29.407515999999998,74.38807,187,0,0,default
186496,28.399070000000002,79.91158,176,0,0,default
67066,24.136063,76.10124,403,0,0,default
161363,27.511993,81.71338,120,0,0,default
115111,25.875946,72.55674,140,0,0,default
184794,28.347092,73.41333,196,0,0,default
106968,25.583244,72.79304,190,0,0,default
140371,26.776040000000002,74.50622,397,0,0,default
156922,27.354706,81.86106,115,0,0,default
165808,27.669075,81.68384,129,0,0,default
198882,28.839859000000004,73.67917,204,0,0,default
133022,26.512040000000002,76.30801,299,0,0,default
85680,24.808151000000002,78.73009,347,0,0,default
142485,26.855118,71.28663,232,0,0,default
96869,25.209671,80.91586,142,0,0,default
225689,29.767128000000003,77.54858399999999,263,0,0,default
106346,25.556587,76.30801,228,0,0,default
120268,26.061821,71.67061600000001,178,0,0,default
151664,27.170906,79.7639,142,0,0,default
211535,29.278786,75.33327,207,0,0,default
61806,23.947235,73.94501,231,0,0,default
112842,25.79618,71.19801,250,0,0,default
158913,27.433372,75.008354,452,0,0,default
161335,27.511993,80.88632,137,0,0,default
175212,28.008614,74.91975,328,0,0,default
221175,29.613159999999997,75.54003,216,0,0,default
156585,27.354706,71.90691,204,0,0,default
107262,25.583244,81.47707,105,0,0,default
203451,28.994987,77.31229,225,0,0,default
122798,26.141388,80.73864,122,0,0,default
186334,28.399070000000002,75.1265,286,0,0,default
208593,29.175674,75.98309,215,0,0,default
226335,29.792755,74.74251600000001,196,0,0,default
134634,26.564873,80.14789,130,0,0,default
138742,26.723297,70.1642,105,0,0,default
168707,27.773659000000002,79.7639,153,0,0,default
196847,28.7622,79.23222,184,0,0,default
192219,28.606734999999997,73.85639,196,0,0,default
219755,29.561798,77.37136,249,0,0,default
141797,26.828765999999998,72.85211,339,0,0,default
162126,27.538193,82.36320500000001,113,0,0,default
224919,29.741486,76.69199,246,0,0,default
150263,27.118340000000003,82.15644,102,0,0,default
122004,26.114876000000002,79.17315,150,0,0,default
200476,28.891594,76.98737,221,0,0,default
110782,25.716376999999998,76.01263399999999,278,0,0,default
159773,27.459587,78.52332,172,0,0,default
198350,28.813971999999996,79.85251,197,0,0,default
202716,28.969146999999996,77.48951,224,0,0,default
98781,25.289818,71.72969,52,0,0,default
179778,28.16497,78.46425,178,0,0,default
142787,26.855118,80.20696,123,0,0,default
258986,30.91423,76.13078,252,0,0,default
115349,25.875946,79.58667,131,0,0,default
158040,27.407158000000003,71.1094,137,0,0,default
114630,25.849358,80.236496,119,0,0,default
187171,28.425048999999998,77.96211,202,0,0,default
112850,25.79618,71.43431,168,0,0,default
148474,27.06575,73.08842,280,0,0,default
94347,25.12947,72.08414,81,0,0,default
148061,27.039436,82.776726,87,0,0,default
161038,27.511993,72.11368,185,0,0,default
97361,25.236404,73.56102,393,0,0,default
166408,27.695220000000003,77.51904,183,0,0,default
118050,25.982193,71.8183,164,0,0,default
153581,27.249709999999997,70.72541,205,0,0,default
144717,26.934158,71.55246,228,0,0,default
122862,26.141388,82.629036,87,0,0,default
173198,27.930351,81.09309,132,0,0,default
115836,25.902511999999998,72.08414,114,0,0,default
152452,27.197174,81.15216,125,0,0,default
148521,27.06575,74.47668,365,0,0,default
131634,26.459159999999997,79.08453,145,0,0,default
92941,25.075974,74.32899499999999,462,0,0,default
122504,26.141388,72.0546,170,0,0,default
75166,24.432228,74.59483,507,0,0,default
127227,26.300385,80.236496,127,0,0,default
150624,27.144623,70.932175,173,0,0,default
225575,29.767128000000003,74.18130500000001,184,0,0,default
164700,27.642899,70.84357,128,0,0,default
218974,29.536102000000003,76.18986,229,0,0,default
169877,27.825905,70.54819,128,0,0,default
229290,29.895248,74.47668,192,0,0,default
166224,27.695220000000003,72.08414,165,0,0,default
217454,29.484688000000002,75.06743,202,0,0,default
219709,29.561798,76.01263399999999,225,0,0,default
140375,26.776040000000002,74.62437,423,0,0,default
199760,28.865723,77.72581,218,0,0,default
100241,25.343231,71.079865,179,0,0,default
118192,25.982193,76.01263399999999,268,0,0,default
224136,29.715836,75.45141600000001,217,0,0,default
187933,28.45102,78.5824,195,0,0,default
161779,27.538193,72.11368,192,0,0,default
176718,28.060753000000002,75.62865,368,0,0,default
176597,28.060753000000002,72.0546,146,0,0,default
146565,26.986801,82.36320500000001,96,0,0,default
139127,26.723297,81.53615,105,0,0,default
183519,28.295090000000002,79.527596,171,0,0,default
151327,27.170906,69.80974599999999,66,0,0,default
111782,25.742989,83.66285,69,0,0,default
162618,27.564377,75.008354,413,0,0,default
202746,28.969146999999996,78.37563,218,0,0,default
237461,30.176529,75.06743,210,0,0,default
204833,29.046638,74.35853,205,0,0,default
153087,27.223442,78.02119,166,0,0,default
184991,28.347092,79.23222,168,0,0,default
93228,25.075974,82.80627,125,0,0,default
104351,25.476623999999997,83.042564,75,0,0,default
193019,28.632659999999998,75.599106,245,0,0,default
199698,28.865723,75.89448,227,0,0,default
192973,28.632659999999998,74.24038,222,0,0,default
81164,24.647179,76.66246,339,0,0,default
92906,25.075974,73.29518,344,0,0,default
199638,28.865723,74.12223,207,0,0,default
233754,30.048766999999998,75.008354,209,0,0,default
169210,27.79979,72.73396,219,0,0,default
112831,25.79618,70.8731,221,0,0,default
52913,23.622887,73.91547,168,0,0,default
219049,29.536102000000003,78.405174,259,0,0,default
170109,27.825905,77.400894,185,0,0,default
134699,26.564873,82.067825,104,0,0,default
147633,27.039436,70.13466,95,0,0,default
239750,30.253097999999998,77.01691,277,0,0,default
126543,26.273909999999997,81.920135,102,0,0,default
156614,27.354706,72.763504,248,0,0,default
118750,26.00875,70.60726,151,0,0,default
111337,25.742989,70.51865,126,0,0,default
129578,26.379807,84.0173,71,0,0,default
154371,27.27597,72.17275,244,0,0,default
144962,26.934158,78.78916,157,0,0,default
107307,25.583244,82.80627,85,0,0,default
95118,25.15622,72.97027,247,0,0,default
95224,25.15622,76.10124,271,0,0,default
196797,28.7622,77.75535,215,0,0,default
183529,28.295090000000002,79.822975,168,0,0,default
218307,29.510399,78.37563,253,0,0,default
143246,26.88147,71.87738,250,0,0,default
149106,27.092041,69.86883,69,0,0,default
105579,25.529938,75.54003,286,0,0,default
183465,28.295090000000002,77.93257,199,0,0,default
179671,28.16497,75.30373399999999,324,0,0,default
118418,25.982193,82.68811,86,0,0,default
144349,26.907821999999996,82.56996,97,0,0,default
147166,27.01313,78.22794,166,0,0,default
112175,25.769585,73.38379,223,0,0,default
112375,25.769585,79.2913,140,0,0,default
144330,26.907821999999996,82.00875,100,0,0,default
121086,26.088364000000002,73.94501,314,0,0,default
136091,26.617714000000003,79.40945,143,0,0,default
157553,27.380936,78.61193,167,0,0,default
141050,26.802414000000002,72.67489,309,0,0,default
138419,26.696907,82.51089,88,0,0,default
209305,29.20147,75.1265,201,0,0,default
170130,27.825905,78.02119,186,0,0,default
114734,25.849358,83.3084,76,0,0,default
98014,25.263107,70.96171600000001,142,0,0,default
143977,26.907821999999996,71.582,237,0,0,default
154751,27.27597,83.39702,93,0,0,default
102785,25.423279,80.56141,127,0,0,default
113212,25.79618,82.1269,95,0,0,default
97611,25.236404,80.9454,129,0,0,default
142667,26.855118,76.66246,292,0,0,default
218201,29.510399,75.24465,207,0,0,default
130711,26.432709000000003,73.7087,291,0,0,default
119088,26.00875,80.59095,118,0,0,default
143430,26.88147,77.31229,208,0,0,default
206288,29.098274,73.56102,176,0,0,default
171625,27.878142999999998,78.405174,178,0,0,default
165739,27.669075,79.64575,143,0,0,default
181058,28.217033,72.497665,139,0,0,default
112529,25.769585,83.84008,68,0,0,default
210044,29.227241999999997,75.06743,201,0,0,default
82510,24.700867000000002,72.64535500000001,288,0,0,default
222608,29.664513,74.09269,181,0,0,default
134432,26.564873,74.18130500000001,337,0,0,default
159503,27.459587,70.54819,130,0,0,default
109428,25.66314,79.79343399999999,145,0,0,default
224172,29.715836,76.51477,237,0,0,default
121907,26.114876000000002,76.30801,257,0,0,default
112517,25.769585,83.48563,74,0,0,default
139730,26.749657,77.45997,229,0,0,default
89283,24.942145999999997,75.71725500000001,381,0,0,default
110912,25.716376999999998,79.85251,135,0,0,default
113679,25.822777,74.033615,536,0,0,default
103336,25.449959,74.94928,359,0,0,default
169491,27.79979,81.03401,127,0,0,default
200465,28.891594,76.66246,221,0,0,default
90282,24.968918,83.33794,206,0,0,default
204068,29.02082,73.64963,194,0,0,default
169947,27.825905,72.615814,192,0,0,default
160246,27.485794,70.60726,131,0,0,default
103307,25.449959,74.09269,564,0,0,default
190074,28.528908,76.16032,242,0,0,default
115474,25.875946,83.27886,78,0,0,default
139913,26.749657,82.86534,87,0,0,default
169303,27.79979,75.48096,464,0,0,default
168468,27.773659000000002,72.70443,226,0,0,default
145004,26.934158,80.02974,135,0,0,default
135917,26.617714000000003,74.26992,350,0,0,default
116855,25.929085,80.29558,123,0,0,default
157340,27.380936,72.32044,185,0,0,default
130009,26.40625,74.860664,414,0,0,default
89229,24.942145999999997,74.12223,480,0,0,default
183488,28.295090000000002,78.61193,186,0,0,default
153878,27.249709999999997,79.49806,148,0,0,default
232338,29.99762,76.95783,261,0,0,default
133152,26.512040000000002,80.14789,131,0,0,default
119617,26.035294,74.32899499999999,471,0,0,default
158029,27.407158000000003,70.784485,153,0,0,default
154687,27.27597,81.506615,111,0,0,default
175953,28.03469,74.91975,322,0,0,default
146985,27.01313,72.88165,286,0,0,default
227833,29.844025,75.21512,214,0,0,default
160229,27.485794,70.105125,97,0,0,default
218140,29.510399,73.44286,161,0,0,default
158352,27.407158000000003,80.32511,141,0,0,default
141069,26.802414000000002,73.23611,310,0,0,default
169997,27.825905,74.09269,320,0,0,default
156530,27.354706,70.28235,111,0,0,default
128807,26.353333000000003,83.13118,79,0,0,default
111790,25.742989,83.89915500000001,66,0,0,default
153014,27.223442,75.864944,490,0,0,default
114455,25.849358,75.06743,348,0,0,default
133562,26.538459999999997,70.370964,133,0,0,default
138880,26.723297,74.24038,338,0,0,default
250830,30.635070000000002,75.98309,257,0,0,default
138130,26.696907,73.97454,300,0,0,default
133996,26.538459999999997,83.19025400000001,78,0,0,default
152218,27.197174,74.24038,348,0,0,default
88504,24.91536,74.59483,404,0,0,default
97304,25.236404,71.87738,60,0,0,default
213726,29.356049,74.38807,186,0,0,default
119899,26.035294,82.65858,90,0,0,default
91520,25.022469,76.13078,254,0,0,default
130295,26.40625,83.3084,80,0,0,default
108696,25.636505,80.05927,116,0,0,default
219635,29.561798,73.82685,172,0,0,default
184836,28.347092,74.65391,273,0,0,default
107061,25.583244,75.54003,303,0,0,default
172363,27.904251000000002,78.31656,185,0,0,default
100252,25.343231,71.40478,87,0,0,default
82481,24.700867000000002,71.788765,65,0,0,default
115439,25.875946,82.24505,91,0,0,default
155139,27.302222999999998,72.97027,281,0,0,default
247160,30.507920000000002,77.01691,315,0,0,default
224884,29.741486,75.65818,220,0,0,default
88391,24.91536,71.25709,36,0,0,default
147898,27.039436,77.96211,162,0,0,default
151019,27.144623,82.5995,96,0,0,default
214577,29.381783000000002,77.6372,240,0,0,default
93593,25.102737,71.70015,44,0,0,default
205560,29.072456,73.94501,200,0,0,default
132860,26.512040000000002,71.52293,290,0,0,default
116611,25.929085,73.08842,182,0,0,default
164784,27.642899,73.324715,300,0,0,default
117451,25.955635,76.01263399999999,268,0,0,default
96603,25.209671,73.058876,255,0,0,default
94410,25.12947,73.94501,542,0,0,default
201860,28.943298,74.09269,195,0,0,default
247883,30.533363,76.48523,266,0,0,default
85529,24.808151000000002,74.26992,451,0,0,default
73821,24.378426,78.64147,397,0,0,default
220407,29.587479,74.74251600000001,198,0,0,default
141175,26.802414000000002,76.36708,324,0,0,default
87076,24.86177,76.18986,266,0,0,default
230128,29.920845,77.34182,268,0,0,default
222638,29.664513,74.97882,201,0,0,default
238929,30.227577,74.65391,200,0,0,default
190941,28.554855,79.88205,184,0,0,default
138961,26.723297,76.63292,262,0,0,default
129236,26.379807,73.91547,294,0,0,default
80272,24.620338,72.202286,222,0,0,default
55165,23.704048,74.77206,528,0,0,default
107090,25.583244,76.39662,226,0,0,default
152066,27.197174,69.75067,54,0,0,default
113901,25.822777,80.59095,119,0,0,default
110779,25.716376999999998,75.92402,276,0,0,default
123598,26.167907999999997,82.48135,92,0,0,default
84032,24.754524,73.82685,544,0,0,default
105447,25.529938,71.641075,94,0,0,default
103609,25.449959,83.01303,76,0,0,default
224902,29.741486,76.18986,230,0,0,default
193030,28.632659999999998,75.92402,237,0,0,default
151357,27.170906,70.69588,222,0,0,default
165678,27.669075,77.843956,180,0,0,default
149414,27.092041,78.966385,157,0,0,default
182651,28.269073,75.77633,299,0,0,default
108750,25.636505,81.6543,104,0,0,default
149192,27.092041,72.40905,257,0,0,default
137462,26.670509999999997,76.13078,304,0,0,default
129854,26.40625,70.28235,127,0,0,default
110138,25.689766,78.87777,185,0,0,default
139078,26.723297,80.08881,134,0,0,default
166420,27.695220000000003,77.8735,180,0,0,default
139619,26.749657,74.18130500000001,322,0,0,default
132482,26.485603,82.24505,99,0,0,default
99609,25.31652,74.29945,485,0,0,default
224917,29.741486,76.63292,244,0,0,default
82474,24.700867000000002,71.582,28,0,0,default
147801,27.039436,75.09697,375,0,0,default
198982,28.839859000000004,76.63292,219,0,0,default
127246,26.300385,80.797714,120,0,0,default
105110,25.503288,83.57424,69,0,0,default
131513,26.459159999999997,75.51049,308,0,0,default
156897,27.354706,81.12263,117,0,0,default
72276,24.324607999999998,76.78061,346,0,0,default
212276,29.30455,75.33327,206,0,0,default
127732,26.326874,73.26564,235,0,0,default
76051,24.459114000000003,78.848236,386,0,0,default
177501,28.086823,76.86922,290,0,0,default
205630,29.072456,76.01263399999999,218,0,0,default
181211,28.217033,77.01691,273,0,0,default
170919,27.852028000000004,79.43899,151,0,0,default
174672,27.982536,80.85679,136,0,0,default
177553,28.086823,78.405174,184,0,0,default
169236,27.79979,73.50194,287,0,0,default
173662,27.956444,72.911194,219,0,0,default
130179,26.40625,79.88205,132,0,0,default
95966,25.182953,76.13078,251,0,0,default
169870,27.825905,70.34142,102,0,0,default
145467,26.96048,71.8183,238,0,0,default
193142,28.632659999999998,79.23222,179,0,0,default
99075,25.289818,80.41373,140,0,0,default
147802,27.039436,75.1265,371,0,0,default
219022,29.536102000000003,77.60766,251,0,0,default
179080,28.138924,79.73436,160,0,0,default
122889,26.141388,83.42655,74,0,0,default
69315,24.216904,76.86922,365,0,0,default
126209,26.273909999999997,72.0546,199,0,0,default
227891,29.844025,76.92829,254,0,0,default
127703,26.326874,72.40905,244,0,0,default
136766,26.644104,77.45997,218,0,0,default
103606,25.449959,82.92441600000001,82,0,0,default
118752,26.00875,70.666336,161,0,0,default
239008,30.227577,76.98737,275,0,0,default
113127,25.79618,79.61621,140,0,0,default
208533,29.175674,74.21084,188,0,0,default
116519,25.929085,70.370964,96,0,0,default
134429,26.564873,74.09269,323,0,0,default
58119,23.812186999999998,74.47668,238,0,0,default
206324,29.098274,74.62437,194,0,0,default
112449,25.769585,81.47707,104,0,0,default
227150,29.818398,76.92829,254,0,0,default
100621,25.343231,82.30412,90,0,0,default
156788,27.354706,77.90303,173,0,0,default
185560,28.373084999999996,74.151764,231,0,0,default
117694,25.955635,83.19025400000001,80,0,0,default
211490,29.278786,74.00408,175,0,0,default
235259,30.099891999999997,75.68772,227,0,0,default
245611,30.457008000000002,75.03789499999999,213,0,0,default
159900,27.459587,82.27459,105,0,0,default
244912,30.431540999999996,76.27847,259,0,0,default
214482,29.381783000000002,74.83113,196,0,0,default
122023,26.114876000000002,79.73436,127,0,0,default
208608,29.175674,76.42615500000001,226,0,0,default
160594,27.485794,80.88632,136,0,0,default
57367,23.785164,74.151764,148,0,0,default
229389,29.895248,77.400894,271,0,0,default
204244,29.02082,78.848236,208,0,0,default
146212,26.986801,71.93645500000001,235,0,0,default
94716,25.12947,82.98349,82,0,0,default
170760,27.852028000000004,74.74251600000001,334,0,0,default
176871,28.060753000000002,80.14789,162,0,0,default
244854,30.431540999999996,74.56529,199,0,0,default
124066,26.19442,74.4176,437,0,0,default
120968,26.088364000000002,70.45957,123,0,0,default
113232,25.79618,82.71765,85,0,0,default
244139,30.406066999999997,75.33327,223,0,0,default
125468,26.247405999999998,72.0546,212,0,0,default
129989,26.40625,74.26992,384,0,0,default
155949,27.328459999999996,75.008354,455,0,0,default
197421,28.788086,74.29945,211,0,0,default
121059,26.088364000000002,73.14749,198,0,0,default
126912,26.300385,70.932175,217,0,0,default
52172,23.595825,73.91547,191,0,0,default
198250,28.813971999999996,76.89876,220,0,0,default
92465,25.049232,82.15644,154,0,0,default
81090,24.647179,74.47668,429,0,0,default
120548,26.061821,79.941124,128,0,0,default
66245,24.1091,73.73824,429,0,0,default
150299,27.118340000000003,83.21979,75,0,0,default
243381,30.380584999999996,74.83113,205,0,0,default
124097,26.19442,75.33327,326,0,0,default
137506,26.670509999999997,77.430435,242,0,0,default
126995,26.300385,73.38379,233,0,0,default
103529,25.449959,80.650024,124,0,0,default
200336,28.891594,72.85211,142,0,0,default
134671,26.564873,81.240776,115,0,0,default
133658,26.538459999999997,73.20656600000001,247,0,0,default
43296,23.270607000000002,74.38807,241,0,0,default
88417,24.91536,72.02506,106,0,0,default
236732,30.150986,75.42188,222,0,0,default
156826,27.354706,79.02546,160,0,0,default
229397,29.895248,77.6372,272,0,0,default
169962,27.825905,73.058876,255,0,0,default
157706,27.380936,83.13118,91,0,0,default
224845,29.741486,74.50622,191,0,0,default
169247,27.79979,73.82685,310,0,0,default
187961,28.45102,79.40945,175,0,0,default
190691,28.554855,72.497665,129,0,0,default
215325,29.407515999999998,77.843956,246,0,0,default
108404,25.636505,71.43431,149,0,0,default
87659,24.888573,71.52293,24,0,0,default
139134,26.723297,81.74291,107,0,0,default
141818,26.828765999999998,73.472404,307,0,0,default
204111,29.02082,74.91975,199,0,0,default
98812,25.289818,72.64535500000001,179,0,0,default
173115,27.930351,78.64147,177,0,0,default
159806,27.459587,79.49806,153,0,0,default
160533,27.485794,79.08453,160,0,0,default
218302,29.510399,78.22794,252,0,0,default
128825,26.353333000000003,83.66285,75,0,0,default
137588,26.670509999999997,79.85251,136,0,0,default
145090,26.934158,82.56996,95,0,0,default
132895,26.512040000000002,72.55674,279,0,0,default
252332,30.685883,76.57384499999999,286,0,0,default
192405,28.606734999999997,79.35037,177,0,0,default
130705,26.432709000000003,73.53148,260,0,0,default
132925,26.512040000000002,73.44286,281,0,0,default
72994,24.351523999999998,76.10124,364,0,0,default
142098,26.828765999999998,81.74291,109,0,0,default
123256,26.167907999999997,72.37952,161,0,0,default
234464,30.074333000000003,74.09269,185,0,0,default
75955,24.459114000000003,76.01263399999999,337,0,0,default
187902,28.45102,77.66673,207,0,0,default
100421,25.343231,76.39662,245,0,0,default
110139,25.689766,78.90731,184,0,0,default
115791,25.902511999999998,70.75495,180,0,0,default
101271,25.369919,79.61621,187,0,0,default
230045,29.920845,74.89020500000001,203,0,0,default
184872,28.347092,75.71725500000001,289,0,0,default
246341,30.482468,74.71298,201,0,0,default
87835,24.888573,76.721535,278,0,0,default
164335,27.616737,81.94968,117,0,0,default
119156,26.00875,82.5995,92,0,0,default
169340,27.79979,76.57384499999999,305,0,0,default
97640,25.236404,81.80199,98,0,0,default
102841,25.423279,82.215515,93,0,0,default
163323,27.590569,73.94501,308,0,0,default
109563,25.66314,83.781006,69,0,0,default
216001,29.433258000000002,75.92402,221,0,0,default
108066,25.609879,83.33794,73,0,0,default
94422,25.12947,74.29945,470,0,0,default
114412,25.849358,73.79732,304,0,0,default
138459,26.696907,83.69239,84,0,0,default
251558,30.660491999999998,75.599106,236,0,0,default
199009,28.839859000000004,77.430435,221,0,0,default
145769,26.96048,80.73864,128,0,0,default
140680,26.776040000000002,83.63331600000001,85,0,0,default
86283,24.834969,74.65391,404,0,0,default
182717,28.269073,77.72581,201,0,0,default
239723,30.253097999999998,76.21939,247,0,0,default
224946,29.741486,77.48951,260,0,0,default
141430,26.802414000000002,83.89915500000001,83,0,0,default
203384,28.994987,75.33327,207,0,0,default
93571,25.102737,71.05032,112,0,0,default
51461,23.568756,74.80159,486,0,0,default
130640,26.432709000000003,71.61154,250,0,0,default
110700,25.716376999999998,73.59055,261,0,0,default
130722,26.432709000000003,74.033615,315,0,0,default
64060,24.028198,74.860664,516,0,0,default
226315,29.792755,74.151764,180,0,0,default
188667,28.47699,78.37563,188,0,0,default
213027,29.3303,75.62865,214,0,0,default
127672,26.326874,71.493385,237,0,0,default
172951,27.930351,73.79732,279,0,0,default
185541,28.373084999999996,73.59055,197,0,0,default
138750,26.723297,70.4005,162,0,0,default
205587,29.072456,74.74251600000001,202,0,0,default
131409,26.459159999999997,72.43859,279,0,0,default
114420,25.849358,74.033615,571,0,0,default
190918,28.554855,79.20268,176,0,0,default
160417,27.485794,75.65818,507,0,0,default
136708,26.644104,75.746796,324,0,0,default
189961,28.528908,72.82258,169,0,0,default
138916,26.723297,75.30373399999999,349,0,0,default
244847,30.431540999999996,74.35853,195,0,0,default
83970,24.754524,71.99553,125,0,0,default
170869,27.852028000000004,77.96211,187,0,0,default
162464,27.564377,70.45957,122,0,0,default
139580,26.749657,73.02934,319,0,0,default
213797,29.356049,76.48523,230,0,0,default
136005,26.617714000000003,76.86922,243,0,0,default
133681,26.538459999999997,73.885925,301,0,0,default
215239,29.407515999999998,75.30373399999999,211,0,0,default
171738,27.878142999999998,81.74291,129,0,0,default
143192,26.88147,70.28235,125,0,0,default
125775,26.247405999999998,81.12263,115,0,0,default
187950,28.45102,79.08453,182,0,0,default
182556,28.269073,72.97027,185,0,0,default
152428,27.197174,80.44326,136,0,0,default
125414,26.247405999999998,70.45957,127,0,0,default
85528,24.808151000000002,74.24038,442,0,0,default
145053,26.934158,81.47707,115,0,0,default
123221,26.167907999999997,71.3457,224,0,0,default
118898,26.00875,74.97882,373,0,0,default
181881,28.243057,74.91975,309,0,0,default
111436,25.742989,73.44286,231,0,0,default
193026,28.632659999999998,75.80587,242,0,0,default
191676,28.580795000000002,79.70483,183,0,0,default
126560,26.273909999999997,82.42228,91,0,0,default
139925,26.749657,83.21979,76,0,0,default
208523,29.175674,73.91547,199,0,0,default
169475,27.79979,80.56141,147,0,0,default
162068,27.538193,80.650024,138,0,0,default
102041,25.396599,80.4728,132,0,0,default
142914,26.855118,83.95823,85,0,0,default
206480,29.098274,79.23222,224,0,0,default
123528,26.167907999999997,80.41373,123,0,0,default
163566,27.590569,81.12263,122,0,0,default
201312,28.91745,79.79343399999999,207,0,0,default
250046,30.609657000000002,74.71298,196,0,0,default
237475,30.176529,75.48096,220,0,0,default
167167,27.721375,78.05072,183,0,0,default
203360,28.994987,74.62437,197,0,0,default
202573,28.969146999999996,73.26564,169,0,0,default
87150,24.86177,78.37563,353,0,0,default
97568,25.236404,79.675285,226,0,0,default
149234,27.092041,73.64963,303,0,0,default
145569,26.96048,74.83113,469,0,0,default
245634,30.457008000000002,75.71725500000001,240,0,0,default
118348,25.982193,80.62048,119,0,0,default
113565,25.822777,70.666336,157,0,0,default
125600,26.247405999999998,75.95356,280,0,0,default
108538,25.636505,75.39234,349,0,0,default
219775,29.561798,77.96211,225,0,0,default
206338,29.098274,75.03789499999999,200,0,0,default
154388,27.27597,72.67489,238,0,0,default
87661,24.888573,71.582,28,0,0,default
110009,25.689766,75.06743,349,0,0,default
150653,27.144623,71.788765,246,0,0,default
121103,26.088364000000002,74.44714,466,0,0,default
207093,29.124077000000003,75.45141600000001,209,0,0,default
182579,28.269073,73.64963,210,0,0,default
159840,27.459587,80.502335,137,0,0,default
145753,26.96048,80.26604,136,0,0,default
137302,26.670509999999997,71.40478,297,0,0,default
210053,29.227241999999997,75.33327,206,0,0,default
86212,24.834969,72.55674,278,0,0,default
213703,29.356049,73.7087,164,0,0,default
227030,29.818398,73.38379,165,0,0,default
133874,26.538459999999997,79.58667,138,0,0,default
98361,25.263107,81.211235,119,0,0,default
100566,25.343231,80.679565,130,0,0,default
144382,26.907821999999996,83.5447,87,0,0,default
136950,26.644104,82.894875,85,0,0,default
179103,28.138924,80.41373,163,0,0,default
84346,24.754524,83.10164,309,0,0,default
99173,25.289818,83.3084,75,0,0,default
182619,28.269073,74.83113,302,0,0,default
186980,28.425048999999998,72.32044,118,0,0,default
133043,26.512040000000002,76.92829,265,0,0,default
181281,28.217033,79.08453,175,0,0,default
205662,29.072456,76.95783,227,0,0,default
130220,26.40625,81.09309,119,0,0,default
149912,27.118340000000003,71.788765,245,0,0,default
160298,27.485794,72.14321,194,0,0,default
215266,29.407515999999998,76.10124,225,0,0,default
143285,26.88147,73.02934,296,0,0,default
163287,27.590569,72.88165,264,0,0,default
139527,26.749657,71.46385,280,0,0,default
244187,30.406066999999997,76.75107,270,0,0,default
212981,29.3303,74.26992,170,0,0,default
102544,25.423279,73.44286,291,0,0,default
156062,27.328459999999996,78.3461,167,0,0,default
118811,26.00875,72.40905,134,0,0,default
189277,28.502945,74.50622,251,0,0,default
160428,27.485794,75.98309,455,0,0,default
228575,29.869637,75.24465,215,0,0,default
138116,26.696907,73.56102,303,0,0,default
133684,26.538459999999997,73.97454,308,0,0,default
100657,25.343231,83.36748,74,0,0,default
166999,27.721375,73.08842,303,0,0,default
195339,28.710403000000003,78.46425,208,0,0,default
76638,24.486,74.29945,480,0,0,default
116534,25.929085,70.814026,190,0,0,default
187235,28.425048999999998,79.85251,175,0,0,default
245630,30.457008000000002,75.599106,235,0,0,default
128810,26.353333000000003,83.21979,77,0,0,default
176695,28.060753000000002,74.94928,320,0,0,default
97409,25.236404,74.97882,364,0,0,default
155952,27.328459999999996,75.09697,455,0,0,default
155884,27.328459999999996,73.08842,303,0,0,default
247146,30.507920000000002,76.603386,270,0,0,default
155833,27.328459999999996,71.582,172,0,0,default
125025,26.220924,80.85679,113,0,0,default
140267,26.776040000000002,71.43431,269,0,0,default
87068,24.86177,75.95356,366,0,0,default
153729,27.249709999999997,75.09697,497,0,0,default
141143,26.802414000000002,75.42188,342,0,0,default
214448,29.381783000000002,73.82685,173,0,0,default
106942,25.583244,72.02506,95,0,0,default
161391,27.511993,82.54043,110,0,0,default
175183,28.008614,74.063156,291,0,0,default
211604,29.278786,77.37136,235,0,0,default
218218,29.510399,75.746796,220,0,0,default
147906,27.039436,78.19841,166,0,0,default
142890,26.855118,83.24933,80,0,0,default
152521,27.197174,83.19025400000001,85,0,0,default
165606,27.669075,75.71725500000001,465,0,0,default
147171,27.01313,78.37563,164,0,0,default
165762,27.669075,80.32511,143,0,0,default
141081,26.802414000000002,73.59055,320,0,0,default
127992,26.326874,80.9454,119,0,0,default
234543,30.074333000000003,76.42615500000001,245,0,0,default
198259,28.813971999999996,77.1646,210,0,0,default
237493,30.176529,76.01263399999999,242,0,0,default
138321,26.696907,79.61621,138,0,0,default
119774,26.035294,78.966385,150,0,0,default
143222,26.88147,71.16847,218,0,0,default
124011,26.19442,72.79304,180,0,0,default
142627,26.855118,75.48096,375,0,0,default
228609,29.869637,76.24893,239,0,0,default
161069,27.511993,73.02934,285,0,0,default
172154,27.904251000000002,72.14321,157,0,0,default
129412,26.379807,79.114075,148,0,0,default
141099,26.802414000000002,74.12223,309,0,0,default
106520,25.556587,81.44754,104,0,0,default
122040,26.114876000000002,80.236496,123,0,0,default
199074,28.839859000000004,79.35037,193,0,0,default
151484,27.170906,74.44714,353,0,0,default
84054,24.754524,74.47668,417,0,0,default
112245,25.769585,75.45141600000001,321,0,0,default
188721,28.47699,79.97066,182,0,0,default
178338,28.11287,79.70483,160,0,0,default
103249,25.449959,72.37952,233,0,0,default
146893,27.01313,70.1642,105,0,0,default
241200,30.304115000000003,76.07171,247,0,0,default
173813,27.956444,77.37136,192,0,0,default
163542,27.590569,80.41373,144,0,0,default
167296,27.721375,81.86106,122,0,0,default
175292,28.008614,77.28274499999999,193,0,0,default
165830,27.669075,82.333664,152,0,0,default
130041,26.40625,75.80587,301,0,0,default
114299,25.849358,70.45957,112,0,0,default
81167,24.647179,76.75107,335,0,0,default
189269,28.502945,74.26992,225,0,0,default
112208,25.769585,74.35853,458,0,0,default
169344,27.79979,76.69199,317,0,0,default
98882,25.289818,74.71298,408,0,0,default
178959,28.138924,76.16032,292,0,0,default
116850,25.929085,80.14789,109,0,0,default
164817,27.642899,74.29945,336,0,0,default
168023,27.747513,81.44754,121,0,0,default
133049,26.512040000000002,77.10552,282,0,0,default
115797,25.902511999999998,70.932175,235,0,0,default
216742,29.458977,75.92402,223,0,0,default
93022,25.075974,76.721535,305,0,0,default
178355,28.11287,80.20696,155,0,0,default
180363,28.19101,73.85639,237,0,0,default
99113,25.289818,81.53615,79,0,0,default
136188,26.617714000000003,82.27459,98,0,0,default
162122,27.538193,82.24505,113,0,0,default
47738,23.433320000000002,74.26992,190,0,0,default
99583,25.31652,73.53148,355,0,0,default
95923,25.182953,74.860664,369,0,0,default
111510,25.742989,75.62865,315,0,0,default
250806,30.635070000000002,75.27419,223,0,0,default
204962,29.046638,78.16887,216,0,0,default
96596,25.209671,72.85211,210,0,0,default
240463,30.278609999999997,76.18986,249,0,0,default
92281,25.049232,76.721535,278,0,0,default
209255,29.20147,73.64963,162,0,0,default
165422,27.669075,70.28235,116,0,0,default
122604,26.141388,75.008354,361,0,0,default
199078,28.839859000000004,79.46852,196,0,0,default
118155,25.982193,74.91975,390,0,0,default
178875,28.138924,73.67917,223,0,0,default
227139,29.818398,76.603386,247,0,0,default
163447,27.590569,77.60766,182,0,0,default
207036,29.124077000000003,73.76778,186,0,0,default
72993,24.351523999999998,76.07171,375,0,0,default
160254,27.485794,70.84357,130,0,0,default
187013,28.425048999999998,73.29518,210,0,0,default
202623,28.969146999999996,74.74251600000001,206,0,0,default
93748,25.102737,76.27847,248,0,0,default
186273,28.399070000000002,73.324715,207,0,0,default
85825,24.808151000000002,83.01303,310,0,0,default
199818,28.865723,79.43899,200,0,0,default
100266,25.343231,71.8183,56,0,0,default
188594,28.47699,76.21939,233,0,0,default
121835,26.114876000000002,74.18130500000001,388,0,0,default
116594,25.929085,72.58628,143,0,0,default
191673,28.580795000000002,79.61621,183,0,0,default
130206,26.40625,80.679565,123,0,0,default
119894,26.035294,82.51089,93,0,0,default
149203,27.092041,72.73396,279,0,0,default
159654,27.459587,75.008354,441,0,0,default
232978,30.023193,73.97454,179,0,0,default
98759,25.289818,71.079865,140,0,0,default
173824,27.956444,77.69627,190,0,0,default
166911,27.721375,70.48911,124,0,0,default
123191,26.167907999999997,70.45957,134,0,0,default
159804,27.459587,79.43899,153,0,0,default
137397,26.670509999999997,74.21084,334,0,0,default
147758,27.039436,73.82685,348,0,0,default
138477,26.696907,84.22407,87,0,0,default
165811,27.669075,81.77245,124,0,0,default
101811,25.396599,73.67917,377,0,0,default
120526,26.061821,79.2913,145,0,0,default
187095,28.425048999999998,75.71725500000001,279,0,0,default
146279,26.986801,73.91547,320,0,0,default
221186,29.613159999999997,75.864944,227,0,0,default
146924,27.01313,71.079865,190,0,0,default
248565,30.5588,74.74251600000001,203,0,0,default
98387,25.263107,81.97921,92,0,0,default
138353,26.696907,80.56141,132,0,0,default
123969,26.19442,71.55246,226,0,0,default
170192,27.825905,79.85251,147,0,0,default
208657,29.175674,77.8735,233,0,0,default
129567,26.379807,83.69239,75,0,0,default
164207,27.616737,78.16887,178,0,0,default
118774,26.00875,71.31616,209,0,0,default
255275,30.787453000000003,75.95356,260,0,0,default
239716,30.253097999999998,76.01263399999999,244,0,0,default
166321,27.695220000000003,74.94928,371,0,0,default
145766,26.96048,80.650024,130,0,0,default
150753,27.144623,74.74251600000001,392,0,0,default
147035,27.01313,74.35853,351,0,0,default
133763,26.538459999999997,76.30801,296,0,0,default
105845,25.529938,83.39702,74,0,0,default
238222,30.202065,75.65818,228,0,0,default
152374,27.197174,78.848236,161,0,0,default
119944,26.035294,83.98776,67,0,0,default
113594,25.822777,71.52293,168,0,0,default
177366,28.086823,72.88165,193,0,0,default
171568,27.878142999999998,76.721535,285,0,0,default
133217,26.512040000000002,82.067825,101,0,0,default
141428,26.802414000000002,83.84008,81,0,0,default
125514,26.247405999999998,73.41333,242,0,0,default
119534,26.035294,71.87738,185,0,0,default
148716,27.06575,80.236496,133,0,0,default
75972,24.459114000000003,76.51477,309,0,0,default
148000,27.039436,80.97494,125,0,0,default
211622,29.278786,77.90303,242,0,0,default
147321,27.01313,82.80627,91,0,0,default
95893,25.182953,73.97454,553,0,0,default
144179,26.907821999999996,77.54858399999999,188,0,0,default
145862,26.96048,83.48563,81,0,0,default
189278,28.502945,74.53575,251,0,0,default
152274,27.197174,75.89448,499,0,0,default
127278,26.300385,81.74291,108,0,0,default
108436,25.636505,72.37952,186,0,0,default
147732,27.039436,73.058876,295,0,0,default
233052,30.023193,76.16032,237,0,0,default
211537,29.278786,75.39234,210,0,0,default
111391,25.742989,72.11368,122,0,0,default
98876,25.289818,74.53575,439,0,0,default
109181,25.66314,72.497665,170,0,0,default
125094,26.220924,82.894875,84,0,0,default
128067,26.326874,83.16071,78,0,0,default
161277,27.511993,79.17315,159,0,0,default
196764,28.7622,76.78061,219,0,0,default
156594,27.354706,72.17275,219,0,0,default
82568,24.700867000000002,74.35853,457,0,0,default
240494,30.278609999999997,77.10552,288,0,0,default
87714,24.888573,73.14749,385,0,0,default
135464,26.591293,82.776726,84,0,0,default
193769,28.658577,75.864944,233,0,0,default
147985,27.039436,80.531876,133,0,0,default
134673,26.564873,81.29985,117,0,0,default
195977,28.736304999999998,75.42188,230,0,0,default
127952,26.326874,79.7639,134,0,0,default
205540,29.072456,73.354256,158,0,0,default
117681,25.955635,82.80627,87,0,0,default
158134,27.407158000000003,73.885925,294,0,0,default
78275,24.53975,78.87777,387,0,0,default
210009,29.227241999999997,74.033615,198,0,0,default
165572,27.669075,74.71298,342,0,0,default
163311,27.590569,73.59055,319,0,0,default
151601,27.170906,77.90303,171,0,0,default
83456,24.727692,78.70055,348,0,0,default
120332,26.061821,73.56102,243,0,0,default
234501,30.074333000000003,75.18558,215,0,0,default
152963,27.223442,74.35853,322,0,0,default
121280,26.088364000000002,79.675285,133,0,0,default
146287,26.986801,74.151764,322,0,0,default
115151,25.875946,73.73824,288,0,0,default
143654,26.88147,83.92869,87,0,0,default
220383,29.587479,74.033615,180,0,0,default
145496,26.96048,72.67489,300,0,0,default
119530,26.035294,71.759224,170,0,0,default
192917,28.632659999999998,72.58628,137,0,0,default
141885,26.828765999999998,75.45141600000001,341,0,0,default
144773,26.934158,73.20656600000001,313,0,0,default
141341,26.802414000000002,81.27031,115,0,0,default
166548,27.695220000000003,81.6543,128,0,0,default
174616,27.982536,79.20268,169,0,0,default
129556,26.379807,83.36748,78,0,0,default
218875,29.536102000000003,73.26564,158,0,0,default
237427,30.176529,74.063156,185,0,0,default
132842,26.512040000000002,70.99125,245,0,0,default
112892,25.79618,72.67489,149,0,0,default
102580,25.423279,74.50622,461,0,0,default
183369,28.295090000000002,75.09697,292,0,0,default
87022,24.86177,74.59483,416,0,0,default
187207,28.425048999999998,79.02546,181,0,0,default
216052,29.433258000000002,77.430435,244,0,0,default
243414,30.380584999999996,75.80587,243,0,0,default
167151,27.721375,77.57812,184,0,0,default
170867,27.852028000000004,77.90303,185,0,0,default
156593,27.354706,72.14321,230,0,0,default
115896,25.902511999999998,73.85639,310,0,0,default
80406,24.620338,76.16032,311,0,0,default
173100,27.930351,78.19841,185,0,0,default
96698,25.209671,75.864944,264,0,0,default
152828,27.223442,70.370964,166,0,0,default
173878,27.956444,79.2913,155,0,0,default
218928,29.536102000000003,74.83113,196,0,0,default
84821,24.781334,75.24465,378,0,0,default
105115,25.503288,83.72193,68,0,0,default
244919,30.431540999999996,76.48523,260,0,0,default
182801,28.269073,80.20696,169,0,0,default
142495,26.855118,71.582,262,0,0,default
175333,28.008614,78.49378,185,0,0,default
101235,25.369919,78.55286,257,0,0,default
57392,23.785164,74.89020500000001,491,0,0,default
116713,25.929085,76.10124,287,0,0,default
230799,29.94645,75.27419,216,0,0,default
198190,28.813971999999996,75.1265,225,0,0,default
228660,29.869637,77.75535,270,0,0,default
207158,29.124077000000003,77.37136,227,0,0,default
160561,27.485794,79.91158,139,0,0,default
76630,24.486,74.063156,446,0,0,default
184820,28.347092,74.18130500000001,244,0,0,default
186994,28.425048999999998,72.73396,147,0,0,default
132945,26.512040000000002,74.033615,318,0,0,default
191446,28.580795000000002,72.911194,153,0,0,default
261924,31.015549,75.36281,223,0,0,default
100301,25.343231,72.85211,200,0,0,default
65506,24.082145999999998,73.79732,366,0,0,default
88629,24.91536,78.28702,324,0,0,default
235981,30.125443,75.1265,212,0,0,default
104959,25.503288,79.114075,188,0,0,default
153696,27.249709999999997,74.12223,292,0,0,default
83956,24.754524,71.582,24,0,0,default
138045,26.696907,71.46385,303,0,0,default
247153,30.507920000000002,76.81014,282,0,0,default
130775,26.432709000000003,75.599106,311,0,0,default
221172,29.613159999999997,75.45141600000001,212,0,0,default
148766,27.06575,81.71338,104,0,0,default
118884,26.00875,74.56529,418,0,0,default
138365,26.696907,80.91586,123,0,0,default
133243,26.512040000000002,82.8358,89,0,0,default
230119,29.920845,77.07598,259,0,0,default
139463,26.749657,69.57345,58,0,0,default
233817,30.048766999999998,76.86922,259,0,0,default
129277,26.379807,75.1265,373,0,0,default
136851,26.644104,79.97066,135,0,0,default
112101,25.769585,71.19801,244,0,0,default
187940,28.45102,78.78916,192,0,0,default
199804,28.865723,79.02546,198,0,0,default
136663,26.644104,74.4176,406,0,0,default
160320,27.485794,72.79304,265,0,0,default
178842,28.138924,72.70443,174,0,0,default
159483,27.459587,69.957436,92,0,0,default
128754,26.353333000000003,81.56569,110,0,0,default
65544,24.082145999999998,74.91975,500,0,0,default
122507,26.141388,72.14321,173,0,0,default
126158,26.273909999999997,70.54819,137,0,0,default
167215,27.721375,79.46852,147,0,0,default
207110,29.124077000000003,75.95356,216,0,0,default
130053,26.40625,76.16032,287,0,0,default
87664,24.888573,71.67061600000001,35,0,0,default
138917,26.723297,75.33327,343,0,0,default
107029,25.583244,74.59483,441,0,0,default
125513,26.247405999999998,73.38379,232,0,0,default
111505,25.742989,75.48096,360,0,0,default
182671,28.269073,76.36708,266,0,0,default
253779,30.736671,75.54003,234,0,0,default
163491,27.590569,78.90731,165,0,0,default
118880,26.00875,74.44714,466,0,0,default
145081,26.934158,82.30412,100,0,0,default
139834,26.749657,80.531876,130,0,0,default
96165,25.182953,82.00875,94,0,0,default
138020,26.696907,70.72541,274,0,0,default
98899,25.289818,75.21512,381,0,0,default
166159,27.695220000000003,70.1642,85,0,0,default
202593,28.969146999999996,73.85639,209,0,0,default
240420,30.278609999999997,74.91975,208,0,0,default
122629,26.141388,75.746796,278,0,0,default
156580,27.354706,71.759224,193,0,0,default
97603,25.236404,80.7091,130,0,0,default
89316,24.942145999999997,76.69199,272,0,0,default
144303,26.907821999999996,81.211235,119,0,0,default
74572,24.405327,78.936844,358,0,0,default
224069,29.715836,73.472404,166,0,0,default
120650,26.061821,82.95395,83,0,0,default
156042,27.328459999999996,77.75535,173,0,0,default
220435,29.587479,75.569565,214,0,0,default
224158,29.715836,76.10124,225,0,0,default
126198,26.273909999999997,71.72969,215,0,0,default
136827,26.644104,79.26176,145,0,0,default
99834,25.31652,80.9454,118,0,0,default
149132,27.092041,70.6368,212,0,0,default
99577,25.31652,73.354256,293,0,0,default
106442,25.556587,79.14361,185,0,0,default
124739,26.220924,72.40905,168,0,0,default
181081,28.217033,73.177025,182,0,0,default
95432,25.15622,82.24505,92,0,0,default
165428,27.669075,70.45957,148,0,0,default
135985,26.617714000000003,76.27847,328,0,0,default
109487,25.66314,81.53615,105,0,0,default
134304,26.564873,70.4005,143,0,0,default
134346,26.564873,71.641075,269,0,0,default
124016,26.19442,72.94073,211,0,0,default
105032,25.503288,81.27031,104,0,0,default
122869,26.141388,82.8358,85,0,0,default
147965,27.039436,79.941124,130,0,0,default
257509,30.863540000000004,76.27847,268,0,0,default
80424,24.620338,76.69199,332,0,0,default
143527,26.88147,80.17742,124,0,0,default
101297,25.369919,80.384186,136,0,0,default
237441,30.176529,74.47668,192,0,0,default
150133,27.118340000000003,78.31656,143,0,0,default
98188,25.263107,76.10124,258,0,0,default
94401,25.12947,73.67917,881,0,0,default
102623,25.423279,75.77633,238,0,0,default
78265,24.53975,78.5824,365,0,0,default
92087,25.049232,70.99125,120,0,0,default
159016,27.433372,78.05072,169,0,0,default
95889,25.182953,73.85639,586,0,0,default
161342,27.511993,81.09309,122,0,0,default
150207,27.118340000000003,80.502335,134,0,0,default
217509,29.484688000000002,76.69199,237,0,0,default
73725,24.378426,75.80587,386,0,0,default
236014,30.125443,76.10124,239,0,0,default
176626,28.060753000000002,72.911194,212,0,0,default
203339,28.994987,74.00408,206,0,0,default
242656,30.355109999999996,75.30373399999999,220,0,0,default
122083,26.114876000000002,81.506615,111,0,0,default
132962,26.512040000000002,74.53575,444,0,0,default
93667,25.102737,73.885925,558,0,0,default
201991,28.943298,77.96211,222,0,0,default
149868,27.118340000000003,70.48911,211,0,0,default
143210,26.88147,70.814026,233,0,0,default
81879,24.674019,75.89448,357,0,0,default
118105,25.982193,73.44286,225,0,0,default
127335,26.300385,83.42655,78,0,0,default
247105,30.507920000000002,75.39234,226,0,0,default
114301,25.849358,70.51865,127,0,0,default
193790,28.658577,76.48523,229,0,0,default
188590,28.47699,76.10124,248,0,0,default
141148,26.802414000000002,75.569565,350,0,0,default
131467,26.459159999999997,74.151764,335,0,0,default
47005,23.406212,74.50622,383,0,0,default
231609,29.97203,77.31229,264,0,0,default
81718,24.674019,71.13894,5,0,0,default
132261,26.485603,75.71725500000001,295,0,0,default
161123,27.511993,74.62437,337,0,0,default
123311,26.167907999999997,74.00408,314,0,0,default
139936,26.749657,83.5447,82,0,0,default
41806,23.216331,74.151764,247,0,0,default
152260,27.197174,75.48096,426,0,0,default
95094,25.15622,72.26137,117,0,0,default
222679,29.664513,76.18986,230,0,0,default
196003,28.736304999999998,76.18986,217,0,0,default
123296,26.167907999999997,73.56102,249,0,0,default
185575,28.373084999999996,74.59483,268,0,0,default
172932,27.930351,73.23611,231,0,0,default
175246,28.008614,75.92402,362,0,0,default
185013,28.347092,79.88205,175,0,0,default
149158,27.092041,71.40478,177,0,0,default
150612,27.144623,70.57773,197,0,0,default
143251,26.88147,72.02506,244,0,0,default
169922,27.825905,71.87738,132,0,0,default
190947,28.554855,80.05927,183,0,0,default
125563,26.247405999999998,74.860664,395,0,0,default
108406,25.636505,71.493385,142,0,0,default
96651,25.209671,74.47668,440,0,0,default
103973,25.476623999999997,71.87738,83,0,0,default
155493,27.302222999999998,83.42655,94,0,0,default
164792,27.642899,73.56102,301,0,0,default
89132,24.942145999999997,71.25709,65,0,0,default
149534,27.092041,82.51089,94,0,0,default
216695,29.458977,74.53575,188,0,0,default
113747,25.822777,76.04217,292,0,0,default
101767,25.396599,72.37952,161,0,0,default
161125,27.511993,74.68344,349,0,0,default
127229,26.300385,80.29558,125,0,0,default
135135,26.591293,73.058876,247,0,0,default
113169,25.79618,80.85679,115,0,0,default
146157,26.986801,70.31189,143,0,0,default
179061,28.138924,79.17315,172,0,0,default
251541,30.660491999999998,75.09697,218,0,0,default
238958,30.227577,75.51049,225,0,0,default
137998,26.696907,70.07558399999999,83,0,0,default
133998,26.538459999999997,83.24933,78,0,0,default
112840,25.79618,71.13894,229,0,0,default
152920,27.223442,73.08842,280,0,0,default
166326,27.695220000000003,75.09697,402,0,0,default
131708,26.459159999999997,81.27031,117,0,0,default
139547,26.749657,72.0546,259,0,0,default
158207,27.407158000000003,76.04217,444,0,0,default
125063,26.220924,81.97921,99,0,0,default
144928,26.934158,77.78488,172,0,0,default
132498,26.485603,82.71765,90,0,0,default
149448,27.092041,79.97066,128,0,0,default
99891,25.31652,82.629036,84,0,0,default
142025,26.828765999999998,79.58667,146,0,0,default
150766,27.144623,75.1265,403,0,0,default
131568,26.459159999999997,77.135056,295,0,0,default
148057,27.039436,82.65858,93,0,0,default
155487,27.302222999999998,83.24933,90,0,0,default
159552,27.459587,71.99553,193,0,0,default
219789,29.561798,78.37563,255,0,0,default
131367,26.459159999999997,71.19801,259,0,0,default
141087,26.802414000000002,73.76778,349,0,0,default
138067,26.696907,72.11368,255,0,0,default
140293,26.776040000000002,72.202286,265,0,0,default
84331,24.754524,82.65858,304,0,0,default
130754,26.432709000000003,74.97882,391,0,0,default
226426,29.792755,77.430435,262,0,0,default
138374,26.696907,81.1817,117,0,0,default
153984,27.249709999999997,82.629036,95,0,0,default
140436,26.776040000000002,76.42615500000001,352,0,0,default
134531,26.564873,77.10552,295,0,0,default
230117,29.920845,77.01691,259,0,0,default
185556,28.373084999999996,74.033615,227,0,0,default
179653,28.16497,74.77206,307,0,0,default
215950,29.433258000000002,74.4176,191,0,0,default
136595,26.644104,72.40905,271,0,0,default
122819,26.141388,81.358925,106,0,0,default
142669,26.855118,76.721535,288,0,0,default
248568,30.5588,74.83113,208,0,0,default
99794,25.31652,79.7639,190,0,0,default
174485,27.982536,75.33327,365,0,0,default
169204,27.79979,72.55674,189,0,0,default
213692,29.356049,73.38379,162,0,0,default
128458,26.353333000000003,72.82258,225,0,0,default
132903,26.512040000000002,72.79304,302,0,0,default
144835,26.934158,75.03789499999999,362,0,0,default
118166,25.982193,75.24465,332,0,0,default
99880,25.31652,82.30412,90,0,0,default
94373,25.12947,72.85211,254,0,0,default
129976,26.40625,73.885925,312,0,0,default
167986,27.747513,80.35465,147,0,0,default
196053,28.736304999999998,77.66673,216,0,0,default
179839,28.16497,80.26604,164,0,0,default
220504,29.587479,77.60766,251,0,0,default
134611,26.564873,79.46852,142,0,0,default
141785,26.828765999999998,72.497665,289,0,0,default
148786,27.06575,82.30412,102,0,0,default
145671,26.96048,77.843956,170,0,0,default
205548,29.072456,73.59055,179,0,0,default
108403,25.636505,71.40478,158,0,0,default
114399,25.849358,73.41333,224,0,0,default
146249,26.986801,73.02934,299,0,0,default
237478,30.176529,75.569565,229,0,0,default
85432,24.808151000000002,71.40478,17,0,0,default
215911,29.433258000000002,73.26564,157,0,0,default
133238,26.512040000000002,82.68811,87,0,0,default
117342,25.955635,72.79304,164,0,0,default
157344,27.380936,72.43859,199,0,0,default
149388,27.092041,78.19841,164,0,0,default
110671,25.716376999999998,72.73396,154,0,0,default
224859,29.741486,74.91975,201,0,0,default
115500,25.875946,84.046844,68,0,0,default
75894,24.459114000000003,74.21084,476,0,0,default
85450,24.808151000000002,71.93645500000001,93,0,0,default
92139,25.049232,72.5272,193,0,0,default
111047,25.716376999999998,83.84008,68,0,0,default
185593,28.373084999999996,75.1265,280,0,0,default
159854,27.459587,80.91586,135,0,0,default
124122,26.19442,76.07171,256,0,0,default
114738,25.849358,83.42655,72,0,0,default
72267,24.324607999999998,76.51477,327,0,0,default
122142,26.114876000000002,83.24933,77,0,0,default
134466,26.564873,75.18558,350,0,0,default
145639,26.96048,76.89876,237,0,0,default
231536,29.97203,75.156044,212,0,0,default
149295,27.092041,75.45141600000001,418,0,0,default
165519,27.669075,73.14749,313,0,0,default
97296,25.236404,71.641075,51,0,0,default
119802,26.035294,79.79343399999999,130,0,0,default
167249,27.721375,80.4728,148,0,0,default
227878,29.844025,76.544304,241,0,0,default
153870,27.249709999999997,79.26176,155,0,0,default
195878,28.736304999999998,72.497665,136,0,0,default
131562,26.459159999999997,76.95783,282,0,0,default
141220,26.802414000000002,77.69627,181,0,0,default
196052,28.736304999999998,77.6372,216,0,0,default
212239,29.30455,74.24038,189,0,0,default
115069,25.875946,71.31616,198,0,0,default
215229,29.407515999999998,75.008354,200,0,0,default
225632,29.767128000000003,75.864944,223,0,0,default
96938,25.209671,82.95395,63,0,0,default
125867,26.247405999999998,83.84008,70,0,0,default
201815,28.943298,72.763504,136,0,0,default
84187,24.754524,78.405174,349,0,0,default
138013,26.696907,70.51865,183,0,0,default
103943,25.476623999999997,70.99125,294,0,0,default
235999,30.125443,75.65818,227,0,0,default
58087,23.812186999999998,73.53148,360,0,0,default
128425,26.353333000000003,71.84784,217,0,0,default
227039,29.818398,73.64963,170,0,0,default
205717,29.072456,78.5824,216,0,0,default
104993,25.503288,80.11835,129,0,0,default
148580,27.06575,76.21939,345,0,0,default
187795,28.45102,74.50622,245,0,0,default
204225,29.02082,78.28702,220,0,0,default
162059,27.538193,80.384186,141,0,0,default
127763,26.326874,74.18130500000001,412,0,0,default
144072,26.907821999999996,74.38807,353,0,0,default
216652,29.458977,73.26564,157,0,0,default
133976,26.538459999999997,82.5995,91,0,0,default
198210,28.813971999999996,75.71725500000001,228,0,0,default
81746,24.674019,71.96599,118,0,0,default
143203,26.88147,70.60726,198,0,0,default
102509,25.423279,72.40905,167,0,0,default
39593,23.134872,74.44714,322,0,0,default
176760,28.060753000000002,76.86922,290,0,0,default
220437,29.587479,75.62865,219,0,0,default
134479,26.564873,75.569565,313,0,0,default
201073,28.91745,72.73396,138,0,0,default
143199,26.88147,70.48911,174,0,0,default
135877,26.617714000000003,73.08842,252,0,0,default
155465,27.302222999999998,82.5995,99,0,0,default
204194,29.02082,77.37136,225,0,0,default
114702,25.849358,82.36320500000001,91,0,0,default
158130,27.407158000000003,73.76778,294,0,0,default
188725,28.47699,80.08881,180,0,0,default
150667,27.144623,72.202286,254,0,0,default
189222,28.502945,72.88165,164,0,0,default
152891,27.223442,72.23183,240,0,0,default
108451,25.636505,72.82258,190,0,0,default
139204,26.723297,83.81054,84,0,0,default
175332,28.008614,78.46425,184,0,0,default
126947,26.300385,71.96599,198,0,0,default
242637,30.355109999999996,74.74251600000001,203,0,0,default
176671,28.060753000000002,74.24038,296,0,0,default
192946,28.632659999999998,73.44286,201,0,0,default
175856,28.03469,72.0546,143,0,0,default
102855,25.423279,82.629036,87,0,0,default
94706,25.12947,82.68811,81,0,0,default
150144,27.118340000000003,78.64147,159,0,0,default
226338,29.792755,74.83113,200,0,0,default
175404,28.008614,80.59095,149,0,0,default
141128,26.802414000000002,74.97882,381,0,0,default
157407,27.380936,74.29945,315,0,0,default
182024,28.243057,79.14361,174,0,0,default
161792,27.538193,72.497665,201,0,0,default
250078,30.609657000000002,75.65818,242,0,0,default
154663,27.27597,80.797714,125,0,0,default
95176,25.15622,74.68344,404,0,0,default
202007,28.943298,78.43471,220,0,0,default
238938,30.227577,74.91975,208,0,0,default
236033,30.125443,76.66246,253,0,0,default
133244,26.512040000000002,82.86534,86,0,0,default
167950,27.747513,79.2913,149,0,0,default
125434,26.247405999999998,71.05032,256,0,0,default
207949,29.149887,78.848236,222,0,0,default
205658,29.072456,76.83968,229,0,0,default
195365,28.710403000000003,79.23222,184,0,0,default
129958,26.40625,73.354256,263,0,0,default
152813,27.223442,69.9279,73,0,0,default
151461,27.170906,73.76778,295,0,0,default
158058,27.407158000000003,71.641075,164,0,0,default
98833,25.289818,73.26564,275,0,0,default
249365,30.584235999999997,76.48523,268,0,0,default
91432,25.022469,73.53148,935,0,0,default
164690,27.642899,70.54819,123,0,0,default
218158,29.510399,73.97454,176,0,0,default
143600,26.88147,82.333664,98,0,0,default
202656,28.969146999999996,75.71725500000001,214,0,0,default
96867,25.209671,80.85679,143,0,0,default
168485,27.773659000000002,73.20656600000001,281,0,0,default
114775,25.849358,84.51944,58,0,0,default
78213,24.53975,77.04645,392,0,0,default
116138,25.902511999999998,81.00447,115,0,0,default
108769,25.636505,82.215515,91,0,0,default
224870,29.741486,75.24465,213,0,0,default
105466,25.529938,72.202286,167,0,0,default
107255,25.583244,81.27031,106,0,0,default
187064,28.425048999999998,74.80159,279,0,0,default
182600,28.269073,74.26992,256,0,0,default
145466,26.96048,71.788765,233,0,0,default
118832,26.00875,73.02934,181,0,0,default
134442,26.564873,74.47668,451,0,0,default
255255,30.787453000000003,75.36281,230,0,0,default
190689,28.554855,72.43859,133,0,0,default
216709,29.458977,74.94928,196,0,0,default
73745,24.378426,76.39662,384,0,0,default
169379,27.79979,77.72581,185,0,0,default
144233,26.907821999999996,79.14361,150,0,0,default
163999,27.616737,72.02506,167,0,0,default
119838,26.035294,80.85679,113,0,0,default
90795,24.995697,76.603386,268,0,0,default
161394,27.511993,82.629036,105,0,0,default
180472,28.19101,77.07598,191,0,0,default
136207,26.617714000000003,82.8358,83,0,0,default
150665,27.144623,72.14321,246,0,0,default
153592,27.249709999999997,71.05032,146,0,0,default
128023,26.326874,81.86106,102,0,0,default
95147,25.15622,73.82685,608,0,0,default
227073,29.818398,74.65391,196,0,0,default
244195,30.406066999999997,76.98737,291,0,0,default
225579,29.767128000000003,74.29945,183,0,0,default
261202,30.990227,75.92402,241,0,0,default
139047,26.723297,79.17315,147,0,0,default
104936,25.503288,78.43471,263,0,0,default
137498,26.670509999999997,77.19413,310,0,0,default
210114,29.227241999999997,77.135056,223,0,0,default
152063,27.197174,69.66206,84,0,0,default
56607,23.758132999999997,73.59055,348,0,0,default
254559,30.76207,76.69199,327,0,0,default
152878,27.223442,71.84784,231,0,0,default
132256,26.485603,75.569565,301,0,0,default
174400,27.982536,72.82258,199,0,0,default
136639,26.644104,73.7087,312,0,0,default
131775,26.459159999999997,83.24933,81,0,0,default
119865,26.035294,81.6543,103,0,0,default
204079,29.02082,73.97454,197,0,0,default
137289,26.670509999999997,71.02079,281,0,0,default
132998,26.512040000000002,75.599106,305,0,0,default
174595,27.982536,78.5824,172,0,0,default
191580,28.580795000000002,76.86922,214,0,0,default
179629,28.16497,74.063156,272,0,0,default
47742,23.433320000000002,74.38807,227,0,0,default
84069,24.754524,74.91975,538,0,0,default
197598,28.788086,79.527596,195,0,0,default
130159,26.40625,79.2913,132,0,0,default
155479,27.302222999999998,83.01303,89,0,0,default
125416,26.247405999999998,70.51865,143,0,0,default
189973,28.528908,73.177025,198,0,0,default
135045,26.591293,70.4005,154,0,0,default
143169,26.88147,69.60299,70,0,0,default
95145,25.15622,73.76778,687,0,0,default
149238,27.092041,73.76778,303,0,0,default
240407,30.278609999999997,74.53575,196,0,0,default
159098,27.433372,80.4728,139,0,0,default
149153,27.092041,71.25709,176,0,0,default
144309,26.907821999999996,81.38846600000001,117,0,0,default
127260,26.300385,81.211235,115,0,0,default
120970,26.088364000000002,70.51865,138,0,0,default
107799,25.609879,75.45141600000001,325,0,0,default
102716,25.423279,78.52332,246,0,0,default
134450,26.564873,74.71298,464,0,0,default
248608,30.5588,76.01263399999999,250,0,0,default
127256,26.300385,81.09309,115,0,0,default
162466,27.564377,70.51865,130,0,0,default
121141,26.088364000000002,75.569565,291,0,0,default
104743,25.503288,72.73396,166,0,0,default
162839,27.564377,81.53615,120,0,0,default
256036,30.812813000000002,76.544304,292,0,0,default
158299,27.407158000000003,78.75962,167,0,0,default
213799,29.356049,76.544304,232,0,0,default
132300,26.485603,76.86922,275,0,0,default
136980,26.644104,83.781006,81,0,0,default
169177,27.79979,71.759224,130,0,0,default
115801,25.902511999999998,71.05032,216,0,0,default
209978,29.227241999999997,73.11795,150,0,0,default
172916,27.930351,72.763504,208,0,0,default
100257,25.343231,71.55246,80,0,0,default
119640,26.035294,75.008354,369,0,0,default
236747,30.150986,75.864944,237,0,0,default
211605,29.278786,77.400894,237,0,0,default
252324,30.685883,76.33755,268,0,0,default
118191,25.982193,75.98309,275,0,0,default
154443,27.27597,74.29945,306,0,0,default
126589,26.273909999999997,83.27886,77,0,0,default
91349,25.022469,71.079865,86,0,0,default
136869,26.644104,80.502335,129,0,0,default
109304,25.66314,76.13078,286,0,0,default
149856,27.118340000000003,70.13466,113,0,0,default
125027,26.220924,80.91586,121,0,0,default
106982,25.583244,73.20656600000001,216,0,0,default
204252,29.02082,79.08453,206,0,0,default
92112,25.049232,71.72969,36,0,0,default
95907,25.182953,74.38807,454,0,0,default
179694,28.16497,75.98309,300,0,0,default
187188,28.425048999999998,78.46425,186,0,0,default
138317,26.696907,79.49806,143,0,0,default
154395,27.27597,72.88165,265,0,0,default
105051,25.503288,81.83153,82,0,0,default
201184,28.91745,76.01263399999999,216,0,0,default
122665,26.141388,76.81014,435,0,0,default
112530,25.769585,83.86961,67,0,0,default
80330,24.620338,73.91547,508,0,0,default
130234,26.40625,81.506615,113,0,0,default
99112,25.289818,81.506615,93,0,0,default
147717,27.039436,72.615814,277,0,0,default
106220,25.556587,72.58628,142,0,0,default
126545,26.273909999999997,81.97921,104,0,0,default
156637,27.354706,73.44286,305,0,0,default
190688,28.554855,72.40905,127,0,0,default
122902,26.141388,83.81054,68,0,0,default
213812,29.356049,76.92829,234,0,0,default
182778,28.269073,79.527596,171,0,0,default
238949,30.227577,75.24465,217,0,0,default
177430,28.086823,74.77206,315,0,0,default
155228,27.302222999999998,75.599106,466,0,0,default
141343,26.802414000000002,81.32939,114,0,0,default
181263,28.217033,78.55286,176,0,0,default
96707,25.209671,76.13078,248,0,0,default
133900,26.538459999999997,80.35465,124,0,0,default
213697,29.356049,73.53148,163,0,0,default
187779,28.45102,74.033615,213,0,0,default
214508,29.381783000000002,75.599106,218,0,0,default
86180,24.834969,71.61154,27,0,0,default
221181,29.613159999999997,75.71725500000001,217,0,0,default
148366,27.06575,69.89836,78,0,0,default
176811,28.060753000000002,78.37563,185,0,0,default
172958,27.930351,74.00408,307,0,0,default
117721,25.955635,83.98776,68,0,0,default
179690,28.16497,75.864944,313,0,0,default
131531,26.459159999999997,76.04217,296,0,0,default
170792,27.852028000000004,75.68772,397,0,0,default
169981,27.825905,73.620094,288,0,0,default
237462,30.176529,75.09697,212,0,0,default
89136,24.942145999999997,71.37524,40,0,0,default
141737,26.828765999999998,71.079865,231,0,0,default
167250,27.721375,80.502335,146,0,0,default
128716,26.353333000000003,80.44326,126,0,0,default
104749,25.503288,72.911194,188,0,0,default
105529,25.529938,74.063156,587,0,0,default
201110,28.91745,73.82685,199,0,0,default
106997,25.583244,73.64963,292,0,0,default
148442,27.06575,72.14321,256,0,0,default
152433,27.197174,80.59095,134,0,0,default
142846,26.855118,81.94968,99,0,0,default
175237,28.008614,75.65818,409,0,0,default
165688,27.669075,78.139336,181,0,0,default
104868,25.503288,76.42615500000001,223,0,0,default
168027,27.747513,81.56569,132,0,0,default
98018,25.263107,71.079865,142,0,0,default
95932,25.182953,75.1265,398,0,0,default
115943,25.902511999999998,75.24465,327,0,0,default
126328,26.273909999999997,75.569565,302,0,0,default
87733,24.888573,73.7087,750,0,0,default
144778,26.934158,73.354256,310,0,0,default
170821,27.852028000000004,76.544304,391,0,0,default
160525,27.485794,78.848236,166,0,0,default
181989,28.243057,78.10979499999999,194,0,0,default
70720,24.270767000000003,74.59483,433,0,0,default
102014,25.396599,79.675285,167,0,0,default
114009,25.822777,83.781006,67,0,0,default
90770,24.995697,75.864944,364,0,0,default
146264,26.986801,73.472404,317,0,0,default
150895,27.144623,78.936844,158,0,0,default
89220,24.942145999999997,73.85639,637,0,0,default
121406,26.088364000000002,83.39702,77,0,0,default
180320,28.19101,72.58628,152,0,0,default
126195,26.273909999999997,71.641075,222,0,0,default
109460,25.66314,80.73864,108,0,0,default
135402,26.591293,80.9454,121,0,0,default
185554,28.373084999999996,73.97454,221,0,0,default
196864,28.7622,79.73436,192,0,0,default
162138,27.538193,82.71765,106,0,0,default
78922,24.566612,76.10124,335,0,0,default
107738,25.609879,73.64963,286,0,0,default
132398,26.485603,79.7639,137,0,0,default
92843,25.075974,71.43431,45,0,0,default
112366,25.769585,79.02546,171,0,0,default
106512,25.556587,81.211235,109,0,0,default
184929,28.347092,77.400894,201,0,0,default
185015,28.347092,79.941124,173,0,0,default
120612,26.061821,81.83153,102,0,0,default
156886,27.354706,80.797714,135,0,0,default
129137,26.379807,70.99125,240,0,0,default
175989,28.03469,75.98309,323,0,0,default
89179,24.942145999999997,72.64535500000001,250,0,0,default
108393,25.636505,71.1094,251,0,0,default
124849,26.220924,75.65818,273,0,0,default
151627,27.170906,78.67101,154,0,0,default
128679,26.353333000000003,79.35037,142,0,0,default
147953,27.039436,79.58667,139,0,0,default
219048,29.536102000000003,78.37563,253,0,0,default
228588,29.869637,75.62865,221,0,0,default
158184,27.407158000000003,75.36281,438,0,0,default
187853,28.45102,76.21939,236,0,0,default
152497,27.197174,82.48135,98,0,0,default
113855,25.822777,79.23222,141,0,0,default
162757,27.564377,79.114075,162,0,0,default
132461,26.485603,81.62476,106,0,0,default
213110,29.3303,78.08026,217,0,0,default
125049,26.220924,81.56569,113,0,0,default
93716,25.102737,75.33327,530,0,0,default
184132,28.321098,75.746796,292,0,0,default
96091,25.182953,79.822975,223,0,0,default
221141,29.613159999999997,74.53575,189,0,0,default
121733,26.114876000000002,71.16847,251,0,0,default
197411,28.788086,74.00408,200,0,0,default
164962,27.642899,78.5824,173,0,0,default
125734,26.247405999999998,79.91158,125,0,0,default
123405,26.167907999999997,76.78061,359,0,0,default
111061,25.716376999999998,84.2536,58,0,0,default
149925,27.118340000000003,72.17275,246,0,0,default
182665,28.269073,76.18986,269,0,0,default
127642,26.326874,70.60726,155,0,0,default
220425,29.587479,75.27419,207,0,0,default
244159,30.406066999999997,75.92402,243,0,0,default
123984,26.19442,71.99553,181,0,0,default
179660,28.16497,74.97882,306,0,0,default
188478,28.47699,72.79304,148,0,0,default
114313,25.849358,70.8731,205,0,0,default
243409,30.380584999999996,75.65818,235,0,0,default
141769,26.828765999999998,72.02506,240,0,0,default
126318,26.273909999999997,75.27419,328,0,0,default
107666,25.609879,71.52293,152,0,0,default
195349,28.710403000000003,78.75962,197,0,0,default
167739,27.747513,73.058876,308,0,0,default
198234,28.813971999999996,76.42615500000001,219,0,0,default
150261,27.118340000000003,82.09737,104,0,0,default
135184,26.591293,74.50622,462,0,0,default
187737,28.45102,72.79304,162,0,0,default
231542,29.97203,75.33327,218,0,0,default
175348,28.008614,78.936844,172,0,0,default
233804,30.048766999999998,76.48523,244,0,0,default
125076,26.220924,82.36320500000001,93,0,0,default
100619,25.343231,82.24505,94,0,0,default
112246,25.769585,75.48096,324,0,0,default
230807,29.94645,75.51049,221,0,0,default
117323,25.955635,72.23183,109,0,0,default
115851,25.902511999999998,72.5272,138,0,0,default
126260,26.273909999999997,73.56102,257,0,0,default
116137,25.902511999999998,80.97494,113,0,0,default
131706,26.459159999999997,81.211235,117,0,0,default
151384,27.170906,71.493385,183,0,0,default
138726,26.723297,69.6916,54,0,0,default
218270,29.510399,77.28274499999999,245,0,0,default
170663,27.852028000000004,71.87738,133,0,0,default
183354,28.295090000000002,74.65391,289,0,0,default
167720,27.747513,72.497665,207,0,0,default
162728,27.564377,78.25748399999999,175,0,0,default
107695,25.609879,72.37952,213,0,0,default
149194,27.092041,72.468124,275,0,0,default
176124,28.03469,79.97066,160,0,0,default
186432,28.399070000000002,78.02119,203,0,0,default
86951,24.86177,72.497665,249,0,0,default
162626,27.564377,75.24465,450,0,0,default
130652,26.432709000000003,71.96599,214,0,0,default
253060,30.711296,76.18986,264,0,0,default
118310,25.982193,79.49806,136,0,0,default
235227,30.099891999999997,74.74251600000001,199,0,0,default
157281,27.380936,70.57773,166,0,0,default
189291,28.502945,74.91975,261,0,0,default
158429,27.407158000000003,82.5995,98,0,0,default
139172,26.723297,82.86534,85,0,0,default
159151,27.433372,82.03829,112,0,0,default
124143,26.19442,76.69199,331,0,0,default
182803,28.269073,80.26604,169,0,0,default
98070,25.263107,72.615814,167,0,0,default
224952,29.741486,77.66673,258,0,0,default
170995,27.852028000000004,81.68384,134,0,0,default
142564,26.855118,73.620094,336,0,0,default
162590,27.564377,74.18130500000001,321,0,0,default
159786,27.459587,78.90731,156,0,0,default
161796,27.538193,72.615814,217,0,0,default
241899,30.329604999999997,74.83113,205,0,0,default
176596,28.060753000000002,72.02506,136,0,0,default
114011,25.822777,83.84008,66,0,0,default
204232,29.02082,78.49378,219,0,0,default
136153,26.617714000000003,81.240776,115,0,0,default
134343,26.564873,71.55246,296,0,0,default
138933,26.723297,75.80587,346,0,0,default
144784,26.934158,73.53148,312,0,0,default
111744,25.742989,82.54043,88,0,0,default
132503,26.485603,82.86534,86,0,0,default
154653,27.27597,80.502335,127,0,0,default
96619,25.209671,73.53148,395,0,0,default
118113,25.982193,73.67917,283,0,0,default
167920,27.747513,78.405174,178,0,0,default
197466,28.788086,75.62865,228,0,0,default
123379,26.167907999999997,76.01263399999999,271,0,0,default
169169,27.79979,71.52293,116,0,0,default
169258,27.79979,74.151764,321,0,0,default
181227,28.217033,77.48951,192,0,0,default
128434,26.353333000000003,72.11368,218,0,0,default
155338,27.302222999999998,78.848236,163,0,0,default
121107,26.088364000000002,74.56529,446,0,0,default
129189,26.379807,72.5272,229,0,0,default
148411,27.06575,71.227554,180,0,0,default
80981,24.647179,71.25709,7,0,0,default
154020,27.249709999999997,83.69239,99,0,0,default
127000,26.300385,73.53148,245,0,0,default
128834,26.353333000000003,83.92869,72,0,0,default
130303,26.40625,83.5447,71,0,0,default
147651,27.039436,70.666336,210,0,0,default
251565,30.660491999999998,75.80587,244,0,0,default
116639,25.929085,73.91547,343,0,0,default
136968,26.644104,83.42655,73,0,0,default
164205,27.616737,78.10979499999999,182,0,0,default
108439,25.636505,72.468124,182,0,0,default
145506,26.96048,72.97027,304,0,0,default
137715,26.670509999999997,83.603775,81,0,0,default
152819,27.223442,70.105125,98,0,0,default
157570,27.380936,79.114075,156,0,0,default
110733,25.716376999999998,74.56529,416,0,0,default
107244,25.583244,80.9454,110,0,0,default
73003,24.351523999999998,76.36708,371,0,0,default
109199,25.66314,73.02934,216,0,0,default
152380,27.197174,79.02546,159,0,0,default
153010,27.223442,75.746796,507,0,0,default
229277,29.895248,74.09269,179,0,0,default
151006,27.144623,82.215515,105,0,0,default
189958,28.528908,72.73396,148,0,0,default
93982,25.102737,83.19025400000001,87,0,0,default
170614,27.852028000000004,70.43004,101,0,0,default
153206,27.223442,81.53615,109,0,0,default
137366,26.670509999999997,73.29518,313,0,0,default
164755,27.642899,72.468124,225,0,0,default
119113,26.00875,81.32939,112,0,0,default
223346,29.690178000000003,74.00408,178,0,0,default
135213,26.591293,75.36281,322,0,0,default
171487,27.878142999999998,74.32899499999999,302,0,0,default
75133,24.432228,73.620094,644,0,0,default
136105,26.617714000000003,79.822975,137,0,0,default
112128,25.769585,71.99553,118,0,0,default
99879,25.31652,82.27459,93,0,0,default
243464,30.380584999999996,77.28274499999999,314,0,0,default
217462,29.484688000000002,75.30373399999999,209,0,0,default
167291,27.721375,81.71338,128,0,0,default
113142,25.79618,80.05927,125,0,0,default
119482,26.035294,70.34142,81,0,0,default
149549,27.092041,82.95395,86,0,0,default
106533,25.556587,81.83153,99,0,0,default
186259,28.399070000000002,72.911194,170,0,0,default
142002,26.828765999999998,78.90731,151,0,0,default
176042,28.03469,77.54858399999999,185,0,0,default
176665,28.060753000000002,74.063156,277,0,0,default
142517,26.855118,72.23183,254,0,0,default
95148,25.15622,73.85639,589,0,0,default
187065,28.425048999999998,74.83113,271,0,0,default
164781,27.642899,73.23611,298,0,0,default
135145,26.591293,73.354256,287,0,0,default
112206,25.769585,74.29945,482,0,0,default
127636,26.326874,70.43004,120,0,0,default
250844,30.635070000000002,76.39662,271,0,0,default
158015,27.407158000000003,70.370964,122,0,0,default
251551,30.660491999999998,75.39234,229,0,0,default
137314,26.670509999999997,71.759224,269,0,0,default
108023,25.609879,82.067825,93,0,0,default
106213,25.556587,72.37952,413,0,0,default
205575,29.072456,74.38807,200,0,0,default
180435,28.19101,75.98309,298,0,0,default
187784,28.45102,74.18130500000001,230,0,0,default
130922,26.432709000000003,79.941124,134,0,0,default
184908,28.347092,76.78061,227,0,0,default
159149,27.433372,81.97921,110,0,0,default
231606,29.97203,77.22367,261,0,0,default
147839,27.039436,76.21939,337,0,0,default
241214,30.304115000000003,76.48523,257,0,0,default
239705,30.253097999999998,75.68772,232,0,0,default
116142,25.902511999999998,81.12263,115,0,0,default
148100,27.039436,83.92869,91,0,0,default
165684,27.669075,78.02119,182,0,0,default
