,gid,latitude,longitude,elevation,timezone,config
0,75122,26.25,89.75,0,5.5,default
1,75443,25.35,89.85,0,5.5,default
2,75444,25.45,89.85,0,5.5,default
3,75447,25.75,89.85,0,5.5,default
4,75448,25.85,89.85,0,5.5,default
5,75449,25.95,89.85,0,5.5,default
6,75450,26.05,89.85,0,5.5,default
7,75451,26.15,89.85,0,5.5,default
8,75452,26.25,89.85,0,5.5,default
9,75453,26.35,89.85,0,5.5,default
10,75773,25.35,89.95,0,5.5,default
11,75774,25.45,89.95,0,5.5,default
12,75775,25.55,89.95,0,5.5,default
13,75776,25.65,89.95,0,5.5,default
14,75777,25.75,89.95,0,5.5,default
15,75778,25.85,89.95,0,5.5,default
16,75779,25.95,89.95,0,5.5,default
17,75780,26.05,89.95,0,5.5,default
18,75781,26.15,89.95,0,5.5,default
19,75782,26.25,89.95,0,5.5,default
20,75783,26.35,89.95,0,5.5,default
21,75784,26.45,89.95,0,5.5,default
22,75785,26.55,89.95,0,5.5,default
23,75786,26.65,89.95,0,5.5,default
24,76103,25.35,90.05,0,5.5,default
25,76104,25.45,90.05,0,5.5,default
26,76105,25.55,90.05,0,5.5,default
27,76106,25.65,90.05,0,5.5,default
28,76107,25.75,90.05,0,5.5,default
29,76108,25.85,90.05,0,5.5,default
30,76109,25.95,90.05,0,5.5,default
31,76110,26.05,90.05,0,5.5,default
32,76111,26.15,90.05,0,5.5,default
33,76112,26.25,90.05,0,5.5,default
34,76113,26.35,90.05,0,5.5,default
35,76114,26.45,90.05,0,5.5,default
36,76115,26.55,90.05,0,5.5,default
37,76116,26.65,90.05,0,5.5,default
38,76432,25.25,90.15,0,5.5,default
39,76433,25.35,90.15,0,5.5,default
40,76434,25.45,90.15,0,5.5,default
41,76435,25.55,90.15,0,5.5,default
42,76436,25.65,90.15,0,5.5,default
43,76437,25.75,90.15,0,5.5,default
44,76438,25.85,90.15,0,5.5,default
45,76439,25.95,90.15,0,5.5,default
46,76440,26.05,90.15,0,5.5,default
47,76441,26.15,90.15,0,5.5,default
48,76442,26.25,90.15,0,5.5,default
49,76443,26.35,90.15,0,5.5,default
50,76444,26.45,90.15,0,5.5,default
51,76445,26.55,90.15,0,5.5,default
52,76446,26.65,90.15,0,5.5,default
53,76447,26.75,90.15,0,5.5,default
54,76762,25.25,90.25,0,5.5,default
55,76763,25.35,90.25,0,5.5,default
56,76764,25.45,90.25,0,5.5,default
57,76765,25.55,90.25,0,5.5,default
58,76766,25.65,90.25,0,5.5,default
59,76767,25.75,90.25,0,5.5,default
60,76768,25.85,90.25,0,5.5,default
61,76769,25.95,90.25,0,5.5,default
62,76770,26.05,90.25,0,5.5,default
63,76771,26.15,90.25,0,5.5,default
64,76772,26.25,90.25,0,5.5,default
65,76773,26.35,90.25,0,5.5,default
66,76774,26.45,90.25,0,5.5,default
67,76775,26.55,90.25,0,5.5,default
68,76776,26.65,90.25,0,5.5,default
69,76777,26.75,90.25,0,5.5,default
70,76778,26.85,90.25,0,5.5,default
71,77092,25.25,90.35,0,5.5,default
72,77093,25.35,90.35,0,5.5,default
73,77094,25.45,90.35,0,5.5,default
74,77095,25.55,90.35,0,5.5,default
75,77096,25.65,90.35,0,5.5,default
76,77097,25.75,90.35,0,5.5,default
77,77098,25.85,90.35,0,5.5,default
78,77099,25.95,90.35,0,5.5,default
79,77100,26.05,90.35,0,5.5,default
80,77101,26.15,90.35,0,5.5,default
81,77102,26.25,90.35,0,5.5,default
82,77103,26.35,90.35,0,5.5,default
83,77104,26.45,90.35,0,5.5,default
84,77105,26.55,90.35,0,5.5,default
85,77106,26.65,90.35,0,5.5,default
86,77107,26.75,90.35,0,5.5,default
87,77108,26.85,90.35,0,5.5,default
88,77421,25.15,90.45,0,5.5,default
89,77422,25.25,90.45,0,5.5,default
90,77423,25.35,90.45,0,5.5,default
91,77424,25.45,90.45,0,5.5,default
92,77425,25.55,90.45,0,5.5,default
93,77426,25.65,90.45,0,5.5,default
94,77427,25.75,90.45,0,5.5,default
95,77428,25.85,90.45,0,5.5,default
96,77429,25.95,90.45,0,5.5,default
97,77430,26.05,90.45,0,5.5,default
98,77431,26.15,90.45,0,5.5,default
99,77432,26.25,90.45,0,5.5,default
100,77433,26.35,90.45,0,5.5,default
101,77434,26.45,90.45,0,5.5,default
102,77435,26.55,90.45,0,5.5,default
103,77436,26.65,90.45,0,5.5,default
104,77437,26.75,90.45,0,5.5,default
105,77438,26.85,90.45,0,5.5,default
106,77752,25.25,90.55,0,5.5,default
107,77753,25.35,90.55,0,5.5,default
108,77754,25.45,90.55,0,5.5,default
109,77755,25.55,90.55,0,5.5,default
110,77756,25.65,90.55,0,5.5,default
111,77757,25.75,90.55,0,5.5,default
112,77758,25.85,90.55,0,5.5,default
113,77759,25.95,90.55,0,5.5,default
114,77760,26.05,90.55,0,5.5,default
115,77761,26.15,90.55,0,5.5,default
116,77762,26.25,90.55,0,5.5,default
117,77763,26.35,90.55,0,5.5,default
118,77764,26.45,90.55,0,5.5,default
119,77765,26.55,90.55,0,5.5,default
120,77766,26.65,90.55,0,5.5,default
121,77767,26.75,90.55,0,5.5,default
122,78082,25.25,90.65,0,5.5,default
123,78083,25.35,90.65,0,5.5,default
124,78084,25.45,90.65,0,5.5,default
125,78085,25.55,90.65,0,5.5,default
126,78086,25.65,90.65,0,5.5,default
127,78087,25.75,90.65,0,5.5,default
128,78088,25.85,90.65,0,5.5,default
129,78089,25.95,90.65,0,5.5,default
130,78090,26.05,90.65,0,5.5,default
131,78091,26.15,90.65,0,5.5,default
132,78092,26.25,90.65,0,5.5,default
133,78093,26.35,90.65,0,5.5,default
134,78094,26.45,90.65,0,5.5,default
135,78095,26.55,90.65,0,5.5,default
136,78096,26.65,90.65,0,5.5,default
137,78097,26.75,90.65,0,5.5,default
138,78412,25.25,90.75,0,5.5,default
139,78413,25.35,90.75,0,5.5,default
140,78414,25.45,90.75,0,5.5,default
141,78415,25.55,90.75,0,5.5,default
142,78416,25.65,90.75,0,5.5,default
143,78417,25.75,90.75,0,5.5,default
144,78418,25.85,90.75,0,5.5,default
145,78419,25.95,90.75,0,5.5,default
146,78420,26.05,90.75,0,5.5,default
147,78421,26.15,90.75,0,5.5,default
148,78422,26.25,90.75,0,5.5,default
149,78423,26.35,90.75,0,5.5,default
150,78424,26.45,90.75,0,5.5,default
151,78425,26.55,90.75,0,5.5,default
152,78426,26.65,90.75,0,5.5,default
153,78427,26.75,90.75,0,5.5,default
154,78742,25.25,90.85,0,5.5,default
155,78743,25.35,90.85,0,5.5,default
156,78744,25.45,90.85,0,5.5,default
157,78745,25.55,90.85,0,5.5,default
158,78746,25.65,90.85,0,5.5,default
159,78747,25.75,90.85,0,5.5,default
160,78748,25.85,90.85,0,5.5,default
161,78749,25.95,90.85,0,5.5,default
162,78750,26.05,90.85,0,5.5,default
163,78751,26.15,90.85,0,5.5,default
164,78752,26.25,90.85,0,5.5,default
165,78753,26.35,90.85,0,5.5,default
166,78754,26.45,90.85,0,5.5,default
167,78755,26.55,90.85,0,5.5,default
168,78756,26.65,90.85,0,5.5,default
169,78757,26.75,90.85,0,5.5,default
170,79072,25.25,90.95,0,5.5,default
171,79073,25.35,90.95,0,5.5,default
172,79074,25.45,90.95,0,5.5,default
173,79075,25.55,90.95,0,5.5,default
174,79076,25.65,90.95,0,5.5,default
175,79077,25.75,90.95,0,5.5,default
176,79078,25.85,90.95,0,5.5,default
177,79079,25.95,90.95,0,5.5,default
178,79080,26.05,90.95,0,5.5,default
179,79081,26.15,90.95,0,5.5,default
180,79082,26.25,90.95,0,5.5,default
181,79083,26.35,90.95,0,5.5,default
182,79084,26.45,90.95,0,5.5,default
183,79085,26.55,90.95,0,5.5,default
184,79086,26.65,90.95,0,5.5,default
185,79087,26.75,90.95,0,5.5,default
186,79402,25.25,91.05,0,5.5,default
187,79403,25.35,91.05,0,5.5,default
188,79404,25.45,91.05,0,5.5,default
189,79405,25.55,91.05,0,5.5,default
190,79406,25.65,91.05,0,5.5,default
191,79407,25.75,91.05,0,5.5,default
192,79408,25.85,91.05,0,5.5,default
193,79409,25.95,91.05,0,5.5,default
194,79410,26.05,91.05,0,5.5,default
195,79411,26.15,91.05,0,5.5,default
196,79412,26.25,91.05,0,5.5,default
197,79413,26.35,91.05,0,5.5,default
198,79414,26.45,91.05,0,5.5,default
199,79415,26.55,91.05,0,5.5,default
200,79416,26.65,91.05,0,5.5,default
201,79417,26.75,91.05,0,5.5,default
202,79732,25.25,91.15,0,5.5,default
203,79733,25.35,91.15,0,5.5,default
204,79734,25.45,91.15,0,5.5,default
205,79735,25.55,91.15,0,5.5,default
206,79736,25.65,91.15,0,5.5,default
207,79737,25.75,91.15,0,5.5,default
208,79738,25.85,91.15,0,5.5,default
209,79739,25.95,91.15,0,5.5,default
210,79740,26.05,91.15,0,5.5,default
211,79741,26.15,91.15,0,5.5,default
212,79742,26.25,91.15,0,5.5,default
213,79743,26.35,91.15,0,5.5,default
214,79744,26.45,91.15,0,5.5,default
215,79745,26.55,91.15,0,5.5,default
216,79746,26.65,91.15,0,5.5,default
217,79747,26.75,91.15,0,5.5,default
218,80045,23.55,91.25,0,5.5,default
219,80046,23.65,91.25,0,5.5,default
220,80047,23.75,91.25,0,5.5,default
221,80062,25.25,91.25,0,5.5,default
222,80063,25.35,91.25,0,5.5,default
223,80064,25.45,91.25,0,5.5,default
224,80065,25.55,91.25,0,5.5,default
225,80066,25.65,91.25,0,5.5,default
226,80067,25.75,91.25,0,5.5,default
227,80068,25.85,91.25,0,5.5,default
228,80069,25.95,91.25,0,5.5,default
229,80070,26.05,91.25,0,5.5,default
230,80071,26.15,91.25,0,5.5,default
231,80072,26.25,91.25,0,5.5,default
232,80073,26.35,91.25,0,5.5,default
233,80074,26.45,91.25,0,5.5,default
234,80075,26.55,91.25,0,5.5,default
235,80076,26.65,91.25,0,5.5,default
236,80077,26.75,91.25,0,5.5,default
237,80371,23.15,91.35,0,5.5,default
238,80372,23.25,91.35,0,5.5,default
239,80373,23.35,91.35,0,5.5,default
240,80374,23.45,91.35,0,5.5,default
241,80375,23.55,91.35,0,5.5,default
242,80376,23.65,91.35,0,5.5,default
243,80377,23.75,91.35,0,5.5,default
244,80378,23.85,91.35,0,5.5,default
245,80379,23.95,91.35,0,5.5,default
246,80392,25.25,91.35,0,5.5,default
247,80393,25.35,91.35,0,5.5,default
248,80394,25.45,91.35,0,5.5,default
249,80395,25.55,91.35,0,5.5,default
250,80396,25.65,91.35,0,5.5,default
251,80397,25.75,91.35,0,5.5,default
252,80398,25.85,91.35,0,5.5,default
253,80399,25.95,91.35,0,5.5,default
254,80400,26.05,91.35,0,5.5,default
255,80401,26.15,91.35,0,5.5,default
256,80402,26.25,91.35,0,5.5,default
257,80403,26.35,91.35,0,5.5,default
258,80404,26.45,91.35,0,5.5,default
259,80405,26.55,91.35,0,5.5,default
260,80406,26.65,91.35,0,5.5,default
261,80407,26.75,91.35,0,5.5,default
262,80703,23.35,91.45,0,5.5,default
263,80704,23.45,91.45,0,5.5,default
264,80705,23.55,91.45,0,5.5,default
265,80706,23.65,91.45,0,5.5,default
266,80707,23.75,91.45,0,5.5,default
267,80708,23.85,91.45,0,5.5,default
268,80709,23.95,91.45,0,5.5,default
269,80710,24.05,91.45,0,5.5,default
270,80721,25.15,91.45,0,5.5,default
271,80722,25.25,91.45,0,5.5,default
272,80723,25.35,91.45,0,5.5,default
273,80724,25.45,91.45,0,5.5,default
274,80725,25.55,91.45,0,5.5,default
275,80726,25.65,91.45,0,5.5,default
276,80727,25.75,91.45,0,5.5,default
277,80728,25.85,91.45,0,5.5,default
278,80729,25.95,91.45,0,5.5,default
279,80730,26.05,91.45,0,5.5,default
280,80731,26.15,91.45,0,5.5,default
281,80732,26.25,91.45,0,5.5,default
282,80733,26.35,91.45,0,5.5,default
283,80734,26.45,91.45,0,5.5,default
284,80735,26.55,91.45,0,5.5,default
285,80736,26.65,91.45,0,5.5,default
286,80737,26.75,91.45,0,5.5,default
287,81030,23.05,91.55,0,5.5,default
288,81031,23.15,91.55,0,5.5,default
289,81032,23.25,91.55,0,5.5,default
290,81033,23.35,91.55,0,5.5,default
291,81034,23.45,91.55,0,5.5,default
292,81035,23.55,91.55,0,5.5,default
293,81036,23.65,91.55,0,5.5,default
294,81037,23.75,91.55,0,5.5,default
295,81038,23.85,91.55,0,5.5,default
296,81039,23.95,91.55,0,5.5,default
297,81040,24.05,91.55,0,5.5,default
298,81051,25.15,91.55,0,5.5,default
299,81052,25.25,91.55,0,5.5,default
300,81053,25.35,91.55,0,5.5,default
301,81054,25.45,91.55,0,5.5,default
302,81055,25.55,91.55,0,5.5,default
303,81056,25.65,91.55,0,5.5,default
304,81057,25.75,91.55,0,5.5,default
305,81058,25.85,91.55,0,5.5,default
306,81059,25.95,91.55,0,5.5,default
307,81060,26.05,91.55,0,5.5,default
308,81061,26.15,91.55,0,5.5,default
309,81062,26.25,91.55,0,5.5,default
310,81063,26.35,91.55,0,5.5,default
311,81064,26.45,91.55,0,5.5,default
312,81065,26.55,91.55,0,5.5,default
313,81066,26.65,91.55,0,5.5,default
314,81067,26.75,91.55,0,5.5,default
315,81360,23.05,91.65,0,5.5,default
316,81361,23.15,91.65,0,5.5,default
317,81362,23.25,91.65,0,5.5,default
318,81363,23.35,91.65,0,5.5,default
319,81364,23.45,91.65,0,5.5,default
320,81365,23.55,91.65,0,5.5,default
321,81366,23.65,91.65,0,5.5,default
322,81367,23.75,91.65,0,5.5,default
323,81368,23.85,91.65,0,5.5,default
324,81369,23.95,91.65,0,5.5,default
325,81370,24.05,91.65,0,5.5,default
326,81371,24.15,91.65,0,5.5,default
327,81381,25.15,91.65,0,5.5,default
328,81382,25.25,91.65,0,5.5,default
329,81383,25.35,91.65,0,5.5,default
330,81384,25.45,91.65,0,5.5,default
331,81385,25.55,91.65,0,5.5,default
332,81386,25.65,91.65,0,5.5,default
333,81387,25.75,91.65,0,5.5,default
334,81388,25.85,91.65,0,5.5,default
335,81389,25.95,91.65,0,5.5,default
336,81390,26.05,91.65,0,5.5,default
337,81391,26.15,91.65,0,5.5,default
338,81392,26.25,91.65,0,5.5,default
339,81393,26.35,91.65,0,5.5,default
340,81394,26.45,91.65,0,5.5,default
341,81395,26.55,91.65,0,5.5,default
342,81396,26.65,91.65,0,5.5,default
343,81397,26.75,91.65,0,5.5,default
344,81405,27.55,91.65,0,5.5,default
345,81406,27.65,91.65,0,5.5,default
348,81690,23.05,91.75,0,5.5,default
349,81691,23.15,91.75,0,5.5,default
350,81692,23.25,91.75,0,5.5,default
351,81693,23.35,91.75,0,5.5,default
352,81694,23.45,91.75,0,5.5,default
353,81695,23.55,91.75,0,5.5,default
354,81696,23.65,91.75,0,5.5,default
355,81697,23.75,91.75,0,5.5,default
356,81698,23.85,91.75,0,5.5,default
357,81699,23.95,91.75,0,5.5,default
358,81700,24.05,91.75,0,5.5,default
359,81712,25.25,91.75,0,5.5,default
360,81713,25.35,91.75,0,5.5,default
361,81714,25.45,91.75,0,5.5,default
362,81715,25.55,91.75,0,5.5,default
363,81716,25.65,91.75,0,5.5,default
364,81717,25.75,91.75,0,5.5,default
365,81718,25.85,91.75,0,5.5,default
366,81719,25.95,91.75,0,5.5,default
367,81720,26.05,91.75,0,5.5,default
368,81721,26.15,91.75,0,5.5,default
369,81722,26.25,91.75,0,5.5,default
370,81723,26.35,91.75,0,5.5,default
371,81724,26.45,91.75,0,5.5,default
372,81725,26.55,91.75,0,5.5,default
373,81726,26.65,91.75,0,5.5,default
374,81727,26.75,91.75,0,5.5,default
375,81735,27.55,91.75,0,5.5,default
376,81736,27.65,91.75,0,5.5,default
377,81737,27.75,91.75,0,5.5,default
378,82024,23.45,91.85,0,5.5,default
379,82025,23.55,91.85,0,5.5,default
380,82026,23.65,91.85,0,5.5,default
381,82027,23.75,91.85,0,5.5,default
382,82028,23.85,91.85,0,5.5,default
383,82029,23.95,91.85,0,5.5,default
384,82030,24.05,91.85,0,5.5,default
385,82031,24.15,91.85,0,5.5,default
386,82042,25.25,91.85,0,5.5,default
387,82043,25.35,91.85,0,5.5,default
388,82044,25.45,91.85,0,5.5,default
389,82045,25.55,91.85,0,5.5,default
390,82046,25.65,91.85,0,5.5,default
391,82047,25.75,91.85,0,5.5,default
392,82048,25.85,91.85,0,5.5,default
393,82049,25.95,91.85,0,5.5,default
394,82050,26.05,91.85,0,5.5,default
395,82051,26.15,91.85,0,5.5,default
396,82052,26.25,91.85,0,5.5,default
397,82053,26.35,91.85,0,5.5,default
398,82054,26.45,91.85,0,5.5,default
399,82055,26.55,91.85,0,5.5,default
400,82056,26.65,91.85,0,5.5,default
401,82057,26.75,91.85,0,5.5,default
402,82058,26.85,91.85,0,5.5,default
403,82065,27.55,91.85,0,5.5,default
404,82066,27.65,91.85,0,5.5,default
405,82067,27.75,91.85,0,5.5,default
406,82355,23.55,91.95,0,5.5,default
408,82357,23.75,91.95,0,5.5,default
409,82358,23.85,91.95,0,5.5,default
410,82359,23.95,91.95,0,5.5,default
411,82360,24.05,91.95,0,5.5,default
412,82361,24.15,91.95,0,5.5,default
413,82362,24.25,91.95,0,5.5,default
415,82372,25.25,91.95,0,5.5,default
416,82373,25.35,91.95,0,5.5,default
417,82374,25.45,91.95,0,5.5,default
418,82375,25.55,91.95,0,5.5,default
419,82376,25.65,91.95,0,5.5,default
420,82377,25.75,91.95,0,5.5,default
421,82378,25.85,91.95,0,5.5,default
422,82379,25.95,91.95,0,5.5,default
423,82380,26.05,91.95,0,5.5,default
424,82381,26.15,91.95,0,5.5,default
425,82382,26.25,91.95,0,5.5,default
426,82383,26.35,91.95,0,5.5,default
427,82384,26.45,91.95,0,5.5,default
428,82385,26.55,91.95,0,5.5,default
429,82386,26.65,91.95,0,5.5,default
430,82387,26.75,91.95,0,5.5,default
431,82388,26.85,91.95,0,5.5,default
432,82395,27.55,91.95,0,5.5,default
433,82396,27.65,91.95,0,5.5,default
434,82687,23.75,92.05,0,5.5,default
435,82688,23.85,92.05,0,5.5,default
436,82689,23.95,92.05,0,5.5,default
437,82690,24.05,92.05,0,5.5,default
438,82691,24.15,92.05,0,5.5,default
439,82692,24.25,92.05,0,5.5,default
440,82693,24.35,92.05,0,5.5,default
441,82702,25.25,92.05,0,5.5,default
442,82703,25.35,92.05,0,5.5,default
443,82704,25.45,92.05,0,5.5,default
444,82705,25.55,92.05,0,5.5,default
445,82706,25.65,92.05,0,5.5,default
446,82707,25.75,92.05,0,5.5,default
447,82708,25.85,92.05,0,5.5,default
448,82709,25.95,92.05,0,5.5,default
449,82710,26.05,92.05,0,5.5,default
450,82711,26.15,92.05,0,5.5,default
451,82712,26.25,92.05,0,5.5,default
452,82713,26.35,92.05,0,5.5,default
453,82714,26.45,92.05,0,5.5,default
454,82715,26.55,92.05,0,5.5,default
455,82716,26.65,92.05,0,5.5,default
456,82717,26.75,92.05,0,5.5,default
457,82721,27.15,92.05,0,5.5,default
458,82724,27.45,92.05,0,5.5,default
459,82725,27.55,92.05,0,5.5,default
460,82726,27.65,92.05,0,5.5,default
461,82727,27.75,92.05,0,5.5,default
462,83017,23.75,92.15,0,5.5,default
463,83018,23.85,92.15,0,5.5,default
464,83019,23.95,92.15,0,5.5,default
465,83020,24.05,92.15,0,5.5,default
466,83021,24.15,92.15,0,5.5,default
467,83022,24.25,92.15,0,5.5,default
468,83023,24.35,92.15,0,5.5,default
469,83031,25.15,92.15,0,5.5,default
470,83032,25.25,92.15,0,5.5,default
471,83033,25.35,92.15,0,5.5,default
472,83034,25.45,92.15,0,5.5,default
473,83035,25.55,92.15,0,5.5,default
474,83036,25.65,92.15,0,5.5,default
475,83037,25.75,92.15,0,5.5,default
476,83038,25.85,92.15,0,5.5,default
477,83039,25.95,92.15,0,5.5,default
478,83040,26.05,92.15,0,5.5,default
479,83041,26.15,92.15,0,5.5,default
480,83042,26.25,92.15,0,5.5,default
481,83043,26.35,92.15,0,5.5,default
482,83044,26.45,92.15,0,5.5,default
483,83045,26.55,92.15,0,5.5,default
484,83046,26.65,92.15,0,5.5,default
485,83047,26.75,92.15,0,5.5,default
486,83048,26.85,92.15,0,5.5,default
487,83049,26.95,92.15,0,5.5,default
488,83050,27.05,92.15,0,5.5,default
489,83051,27.15,92.15,0,5.5,default
490,83052,27.25,92.15,0,5.5,default
491,83053,27.35,92.15,0,5.5,default
492,83054,27.45,92.15,0,5.5,default
493,83055,27.55,92.15,0,5.5,default
494,83056,27.65,92.15,0,5.5,default
495,83057,27.75,92.15,0,5.5,default
496,83347,23.75,92.25,0,5.5,default
497,83348,23.85,92.25,0,5.5,default
498,83349,23.95,92.25,0,5.5,default
499,83350,24.05,92.25,0,5.5,default
500,83351,24.15,92.25,0,5.5,default
501,83352,24.25,92.25,0,5.5,default
502,83353,24.35,92.25,0,5.5,default
503,83354,24.45,92.25,0,5.5,default
504,83355,24.55,92.25,0,5.5,default
506,83361,25.15,92.25,0,5.5,default
507,83362,25.25,92.25,0,5.5,default
508,83363,25.35,92.25,0,5.5,default
509,83364,25.45,92.25,0,5.5,default
510,83365,25.55,92.25,0,5.5,default
511,83366,25.65,92.25,0,5.5,default
512,83367,25.75,92.25,0,5.5,default
513,83368,25.85,92.25,0,5.5,default
514,83369,25.95,92.25,0,5.5,default
515,83370,26.05,92.25,0,5.5,default
516,83371,26.15,92.25,0,5.5,default
517,83372,26.25,92.25,0,5.5,default
518,83373,26.35,92.25,0,5.5,default
519,83374,26.45,92.25,0,5.5,default
520,83375,26.55,92.25,0,5.5,default
521,83376,26.65,92.25,0,5.5,default
522,83377,26.75,92.25,0,5.5,default
523,83378,26.85,92.25,0,5.5,default
524,83379,26.95,92.25,0,5.5,default
525,83380,27.05,92.25,0,5.5,default
526,83381,27.15,92.25,0,5.5,default
527,83382,27.25,92.25,0,5.5,default
528,83383,27.35,92.25,0,5.5,default
529,83384,27.45,92.25,0,5.5,default
530,83385,27.55,92.25,0,5.5,default
531,83386,27.65,92.25,0,5.5,default
532,83387,27.75,92.25,0,5.5,default
533,83388,27.85,92.25,0,5.5,default
534,83674,23.45,92.35,0,5.5,default
535,83675,23.55,92.35,0,5.5,default
536,83676,23.65,92.35,0,5.5,default
537,83677,23.75,92.35,0,5.5,default
538,83678,23.85,92.35,0,5.5,default
539,83679,23.95,92.35,0,5.5,default
540,83680,24.05,92.35,0,5.5,default
541,83681,24.15,92.35,0,5.5,default
542,83682,24.25,92.35,0,5.5,default
543,83683,24.35,92.35,0,5.5,default
544,83684,24.45,92.35,0,5.5,default
545,83685,24.55,92.35,0,5.5,default
546,83686,24.65,92.35,0,5.5,default
547,83687,24.75,92.35,0,5.5,default
548,83688,24.85,92.35,0,5.5,default
549,83691,25.15,92.35,0,5.5,default
550,83692,25.25,92.35,0,5.5,default
551,83693,25.35,92.35,0,5.5,default
552,83694,25.45,92.35,0,5.5,default
553,83695,25.55,92.35,0,5.5,default
554,83696,25.65,92.35,0,5.5,default
555,83697,25.75,92.35,0,5.5,default
556,83698,25.85,92.35,0,5.5,default
557,83699,25.95,92.35,0,5.5,default
558,83700,26.05,92.35,0,5.5,default
559,83701,26.15,92.35,0,5.5,default
560,83702,26.25,92.35,0,5.5,default
561,83703,26.35,92.35,0,5.5,default
562,83704,26.45,92.35,0,5.5,default
563,83705,26.55,92.35,0,5.5,default
564,83706,26.65,92.35,0,5.5,default
565,83707,26.75,92.35,0,5.5,default
566,83708,26.85,92.35,0,5.5,default
567,83709,26.95,92.35,0,5.5,default
568,83710,27.05,92.35,0,5.5,default
569,83711,27.15,92.35,0,5.5,default
570,83712,27.25,92.35,0,5.5,default
571,83713,27.35,92.35,0,5.5,default
572,83714,27.45,92.35,0,5.5,default
573,83715,27.55,92.35,0,5.5,default
574,83716,27.65,92.35,0,5.5,default
575,83717,27.75,92.35,0,5.5,default
576,83999,22.95,92.45,0,5.5,default
577,84000,23.05,92.45,0,5.5,default
578,84001,23.15,92.45,0,5.5,default
579,84002,23.25,92.45,0,5.5,default
580,84003,23.35,92.45,0,5.5,default
581,84004,23.45,92.45,0,5.5,default
582,84005,23.55,92.45,0,5.5,default
583,84006,23.65,92.45,0,5.5,default
584,84007,23.75,92.45,0,5.5,default
585,84008,23.85,92.45,0,5.5,default
586,84009,23.95,92.45,0,5.5,default
587,84010,24.05,92.45,0,5.5,default
588,84011,24.15,92.45,0,5.5,default
589,84012,24.25,92.45,0,5.5,default
590,84013,24.35,92.45,0,5.5,default
591,84014,24.45,92.45,0,5.5,default
592,84015,24.55,92.45,0,5.5,default
593,84016,24.65,92.45,0,5.5,default
594,84017,24.75,92.45,0,5.5,default
595,84018,24.85,92.45,0,5.5,default
596,84020,25.05,92.45,0,5.5,default
597,84021,25.15,92.45,0,5.5,default
598,84022,25.25,92.45,0,5.5,default
599,84023,25.35,92.45,0,5.5,default
600,84024,25.45,92.45,0,5.5,default
601,84025,25.55,92.45,0,5.5,default
602,84026,25.65,92.45,0,5.5,default
603,84027,25.75,92.45,0,5.5,default
604,84028,25.85,92.45,0,5.5,default
605,84029,25.95,92.45,0,5.5,default
606,84030,26.05,92.45,0,5.5,default
607,84031,26.15,92.45,0,5.5,default
608,84032,26.25,92.45,0,5.5,default
609,84033,26.35,92.45,0,5.5,default
610,84034,26.45,92.45,0,5.5,default
611,84035,26.55,92.45,0,5.5,default
612,84036,26.65,92.45,0,5.5,default
613,84037,26.75,92.45,0,5.5,default
614,84038,26.85,92.45,0,5.5,default
615,84039,26.95,92.45,0,5.5,default
616,84040,27.05,92.45,0,5.5,default
617,84041,27.15,92.45,0,5.5,default
618,84042,27.25,92.45,0,5.5,default
619,84043,27.35,92.45,0,5.5,default
620,84044,27.45,92.45,0,5.5,default
621,84045,27.55,92.45,0,5.5,default
622,84046,27.65,92.45,0,5.5,default
623,84047,27.75,92.45,0,5.5,default
624,84325,22.55,92.55,0,5.5,default
625,84326,22.65,92.55,0,5.5,default
626,84327,22.75,92.55,0,5.5,default
627,84328,22.85,92.55,0,5.5,default
628,84329,22.95,92.55,0,5.5,default
629,84330,23.05,92.55,0,5.5,default
630,84331,23.15,92.55,0,5.5,default
631,84332,23.25,92.55,0,5.5,default
632,84333,23.35,92.55,0,5.5,default
633,84334,23.45,92.55,0,5.5,default
634,84335,23.55,92.55,0,5.5,default
635,84336,23.65,92.55,0,5.5,default
636,84337,23.75,92.55,0,5.5,default
637,84338,23.85,92.55,0,5.5,default
638,84339,23.95,92.55,0,5.5,default
639,84340,24.05,92.55,0,5.5,default
640,84341,24.15,92.55,0,5.5,default
641,84342,24.25,92.55,0,5.5,default
642,84343,24.35,92.55,0,5.5,default
643,84344,24.45,92.55,0,5.5,default
644,84345,24.55,92.55,0,5.5,default
645,84346,24.65,92.55,0,5.5,default
646,84347,24.75,92.55,0,5.5,default
647,84348,24.85,92.55,0,5.5,default
648,84349,24.95,92.55,0,5.5,default
649,84350,25.05,92.55,0,5.5,default
650,84351,25.15,92.55,0,5.5,default
651,84352,25.25,92.55,0,5.5,default
652,84353,25.35,92.55,0,5.5,default
653,84354,25.45,92.55,0,5.5,default
654,84355,25.55,92.55,0,5.5,default
655,84356,25.65,92.55,0,5.5,default
656,84357,25.75,92.55,0,5.5,default
657,84358,25.85,92.55,0,5.5,default
658,84359,25.95,92.55,0,5.5,default
659,84360,26.05,92.55,0,5.5,default
660,84361,26.15,92.55,0,5.5,default
661,84362,26.25,92.55,0,5.5,default
662,84363,26.35,92.55,0,5.5,default
663,84364,26.45,92.55,0,5.5,default
664,84365,26.55,92.55,0,5.5,default
665,84366,26.65,92.55,0,5.5,default
666,84367,26.75,92.55,0,5.5,default
667,84368,26.85,92.55,0,5.5,default
668,84369,26.95,92.55,0,5.5,default
669,84370,27.05,92.55,0,5.5,default
670,84371,27.15,92.55,0,5.5,default
671,84372,27.25,92.55,0,5.5,default
672,84373,27.35,92.55,0,5.5,default
673,84374,27.45,92.55,0,5.5,default
674,84375,27.55,92.55,0,5.5,default
675,84376,27.65,92.55,0,5.5,default
676,84377,27.75,92.55,0,5.5,default
677,84650,22.05,92.65,0,5.5,default
678,84651,22.15,92.65,0,5.5,default
679,84652,22.25,92.65,0,5.5,default
680,84653,22.35,92.65,0,5.5,default
681,84654,22.45,92.65,0,5.5,default
682,84655,22.55,92.65,0,5.5,default
683,84656,22.65,92.65,0,5.5,default
684,84657,22.75,92.65,0,5.5,default
685,84658,22.85,92.65,0,5.5,default
686,84659,22.95,92.65,0,5.5,default
687,84660,23.05,92.65,0,5.5,default
688,84661,23.15,92.65,0,5.5,default
689,84662,23.25,92.65,0,5.5,default
690,84663,23.35,92.65,0,5.5,default
691,84664,23.45,92.65,0,5.5,default
692,84665,23.55,92.65,0,5.5,default
693,84666,23.65,92.65,0,5.5,default
694,84667,23.75,92.65,0,5.5,default
695,84668,23.85,92.65,0,5.5,default
696,84669,23.95,92.65,0,5.5,default
697,84670,24.05,92.65,0,5.5,default
698,84671,24.15,92.65,0,5.5,default
699,84672,24.25,92.65,0,5.5,default
700,84673,24.35,92.65,0,5.5,default
701,84674,24.45,92.65,0,5.5,default
702,84675,24.55,92.65,0,5.5,default
703,84676,24.65,92.65,0,5.5,default
704,84677,24.75,92.65,0,5.5,default
705,84678,24.85,92.65,0,5.5,default
706,84679,24.95,92.65,0,5.5,default
707,84680,25.05,92.65,0,5.5,default
708,84681,25.15,92.65,0,5.5,default
709,84682,25.25,92.65,0,5.5,default
710,84683,25.35,92.65,0,5.5,default
711,84684,25.45,92.65,0,5.5,default
712,84685,25.55,92.65,0,5.5,default
713,84686,25.65,92.65,0,5.5,default
714,84687,25.75,92.65,0,5.5,default
715,84688,25.85,92.65,0,5.5,default
716,84689,25.95,92.65,0,5.5,default
717,84690,26.05,92.65,0,5.5,default
718,84691,26.15,92.65,0,5.5,default
719,84692,26.25,92.65,0,5.5,default
720,84693,26.35,92.65,0,5.5,default
721,84694,26.45,92.65,0,5.5,default
722,84695,26.55,92.65,0,5.5,default
723,84696,26.65,92.65,0,5.5,default
724,84697,26.75,92.65,0,5.5,default
725,84698,26.85,92.65,0,5.5,default
726,84699,26.95,92.65,0,5.5,default
727,84700,27.05,92.65,0,5.5,default
728,84701,27.15,92.65,0,5.5,default
729,84702,27.25,92.65,0,5.5,default
730,84703,27.35,92.65,0,5.5,default
731,84704,27.45,92.65,0,5.5,default
732,84705,27.55,92.65,0,5.5,default
733,84706,27.65,92.65,0,5.5,default
734,84707,27.75,92.65,0,5.5,default
735,84708,27.85,92.65,0,5.5,default
736,84981,22.15,92.75,0,5.5,default
737,84982,22.25,92.75,0,5.5,default
738,84983,22.35,92.75,0,5.5,default
739,84984,22.45,92.75,0,5.5,default
740,84985,22.55,92.75,0,5.5,default
741,84986,22.65,92.75,0,5.5,default
742,84987,22.75,92.75,0,5.5,default
743,84988,22.85,92.75,0,5.5,default
744,84989,22.95,92.75,0,5.5,default
745,84990,23.05,92.75,0,5.5,default
746,84991,23.15,92.75,0,5.5,default
747,84992,23.25,92.75,0,5.5,default
748,84993,23.35,92.75,0,5.5,default
749,84994,23.45,92.75,0,5.5,default
750,84995,23.55,92.75,0,5.5,default
751,84996,23.65,92.75,0,5.5,default
752,84997,23.75,92.75,0,5.5,default
753,84998,23.85,92.75,0,5.5,default
754,84999,23.95,92.75,0,5.5,default
755,85000,24.05,92.75,0,5.5,default
756,85001,24.15,92.75,0,5.5,default
757,85002,24.25,92.75,0,5.5,default
758,85003,24.35,92.75,0,5.5,default
759,85004,24.45,92.75,0,5.5,default
760,85005,24.55,92.75,0,5.5,default
761,85006,24.65,92.75,0,5.5,default
762,85007,24.75,92.75,0,5.5,default
763,85008,24.85,92.75,0,5.5,default
764,85009,24.95,92.75,0,5.5,default
765,85010,25.05,92.75,0,5.5,default
766,85011,25.15,92.75,0,5.5,default
767,85012,25.25,92.75,0,5.5,default
768,85013,25.35,92.75,0,5.5,default
769,85014,25.45,92.75,0,5.5,default
770,85015,25.55,92.75,0,5.5,default
771,85016,25.65,92.75,0,5.5,default
772,85017,25.75,92.75,0,5.5,default
773,85018,25.85,92.75,0,5.5,default
774,85019,25.95,92.75,0,5.5,default
775,85020,26.05,92.75,0,5.5,default
776,85021,26.15,92.75,0,5.5,default
777,85022,26.25,92.75,0,5.5,default
778,85023,26.35,92.75,0,5.5,default
779,85024,26.45,92.75,0,5.5,default
780,85025,26.55,92.75,0,5.5,default
781,85026,26.65,92.75,0,5.5,default
782,85027,26.75,92.75,0,5.5,default
783,85028,26.85,92.75,0,5.5,default
784,85029,26.95,92.75,0,5.5,default
785,85030,27.05,92.75,0,5.5,default
786,85031,27.15,92.75,0,5.5,default
787,85032,27.25,92.75,0,5.5,default
788,85033,27.35,92.75,0,5.5,default
789,85034,27.45,92.75,0,5.5,default
790,85035,27.55,92.75,0,5.5,default
791,85036,27.65,92.75,0,5.5,default
792,85037,27.75,92.75,0,5.5,default
793,85038,27.85,92.75,0,5.5,default
794,85039,27.95,92.75,0,5.5,default
795,85040,28.05,92.75,0,5.5,default
796,85041,28.15,92.75,0,5.5,default
797,85311,22.15,92.85,0,5.5,default
798,85312,22.25,92.85,0,5.5,default
799,85313,22.35,92.85,0,5.5,default
800,85314,22.45,92.85,0,5.5,default
801,85315,22.55,92.85,0,5.5,default
802,85316,22.65,92.85,0,5.5,default
803,85317,22.75,92.85,0,5.5,default
804,85318,22.85,92.85,0,5.5,default
805,85319,22.95,92.85,0,5.5,default
806,85320,23.05,92.85,0,5.5,default
807,85321,23.15,92.85,0,5.5,default
808,85322,23.25,92.85,0,5.5,default
809,85323,23.35,92.85,0,5.5,default
810,85324,23.45,92.85,0,5.5,default
811,85325,23.55,92.85,0,5.5,default
812,85326,23.65,92.85,0,5.5,default
813,85327,23.75,92.85,0,5.5,default
814,85328,23.85,92.85,0,5.5,default
815,85329,23.95,92.85,0,5.5,default
816,85330,24.05,92.85,0,5.5,default
817,85331,24.15,92.85,0,5.5,default
818,85332,24.25,92.85,0,5.5,default
819,85333,24.35,92.85,0,5.5,default
820,85334,24.45,92.85,0,5.5,default
821,85335,24.55,92.85,0,5.5,default
822,85336,24.65,92.85,0,5.5,default
823,85337,24.75,92.85,0,5.5,default
824,85338,24.85,92.85,0,5.5,default
825,85339,24.95,92.85,0,5.5,default
826,85340,25.05,92.85,0,5.5,default
827,85341,25.15,92.85,0,5.5,default
828,85342,25.25,92.85,0,5.5,default
829,85343,25.35,92.85,0,5.5,default
830,85344,25.45,92.85,0,5.5,default
831,85345,25.55,92.85,0,5.5,default
832,85346,25.65,92.85,0,5.5,default
833,85347,25.75,92.85,0,5.5,default
834,85348,25.85,92.85,0,5.5,default
835,85349,25.95,92.85,0,5.5,default
836,85350,26.05,92.85,0,5.5,default
837,85351,26.15,92.85,0,5.5,default
838,85352,26.25,92.85,0,5.5,default
839,85353,26.35,92.85,0,5.5,default
840,85354,26.45,92.85,0,5.5,default
841,85355,26.55,92.85,0,5.5,default
842,85356,26.65,92.85,0,5.5,default
843,85357,26.75,92.85,0,5.5,default
844,85358,26.85,92.85,0,5.5,default
845,85359,26.95,92.85,0,5.5,default
846,85360,27.05,92.85,0,5.5,default
847,85361,27.15,92.85,0,5.5,default
848,85362,27.25,92.85,0,5.5,default
849,85363,27.35,92.85,0,5.5,default
850,85364,27.45,92.85,0,5.5,default
851,85365,27.55,92.85,0,5.5,default
852,85366,27.65,92.85,0,5.5,default
853,85367,27.75,92.85,0,5.5,default
854,85368,27.85,92.85,0,5.5,default
855,85369,27.95,92.85,0,5.5,default
856,85370,28.05,92.85,0,5.5,default
857,85371,28.15,92.85,0,5.5,default
858,85640,22.05,92.95,0,5.5,default
859,85641,22.15,92.95,0,5.5,default
860,85642,22.25,92.95,0,5.5,default
861,85643,22.35,92.95,0,5.5,default
862,85644,22.45,92.95,0,5.5,default
863,85645,22.55,92.95,0,5.5,default
864,85646,22.65,92.95,0,5.5,default
865,85647,22.75,92.95,0,5.5,default
866,85648,22.85,92.95,0,5.5,default
867,85649,22.95,92.95,0,5.5,default
868,85650,23.05,92.95,0,5.5,default
869,85651,23.15,92.95,0,5.5,default
870,85652,23.25,92.95,0,5.5,default
871,85653,23.35,92.95,0,5.5,default
872,85654,23.45,92.95,0,5.5,default
873,85655,23.55,92.95,0,5.5,default
874,85656,23.65,92.95,0,5.5,default
875,85657,23.75,92.95,0,5.5,default
876,85658,23.85,92.95,0,5.5,default
877,85659,23.95,92.95,0,5.5,default
878,85660,24.05,92.95,0,5.5,default
879,85661,24.15,92.95,0,5.5,default
880,85662,24.25,92.95,0,5.5,default
881,85663,24.35,92.95,0,5.5,default
882,85664,24.45,92.95,0,5.5,default
883,85665,24.55,92.95,0,5.5,default
884,85666,24.65,92.95,0,5.5,default
885,85667,24.75,92.95,0,5.5,default
886,85668,24.85,92.95,0,5.5,default
887,85669,24.95,92.95,0,5.5,default
888,85670,25.05,92.95,0,5.5,default
889,85671,25.15,92.95,0,5.5,default
890,85672,25.25,92.95,0,5.5,default
891,85673,25.35,92.95,0,5.5,default
892,85674,25.45,92.95,0,5.5,default
893,85675,25.55,92.95,0,5.5,default
894,85676,25.65,92.95,0,5.5,default
895,85677,25.75,92.95,0,5.5,default
896,85678,25.85,92.95,0,5.5,default
897,85679,25.95,92.95,0,5.5,default
898,85680,26.05,92.95,0,5.5,default
899,85681,26.15,92.95,0,5.5,default
900,85682,26.25,92.95,0,5.5,default
901,85683,26.35,92.95,0,5.5,default
902,85684,26.45,92.95,0,5.5,default
903,85685,26.55,92.95,0,5.5,default
904,85686,26.65,92.95,0,5.5,default
905,85687,26.75,92.95,0,5.5,default
906,85688,26.85,92.95,0,5.5,default
907,85689,26.95,92.95,0,5.5,default
908,85690,27.05,92.95,0,5.5,default
909,85691,27.15,92.95,0,5.5,default
910,85692,27.25,92.95,0,5.5,default
911,85693,27.35,92.95,0,5.5,default
912,85694,27.45,92.95,0,5.5,default
913,85695,27.55,92.95,0,5.5,default
914,85696,27.65,92.95,0,5.5,default
915,85697,27.75,92.95,0,5.5,default
916,85698,27.85,92.95,0,5.5,default
917,85699,27.95,92.95,0,5.5,default
918,85700,28.05,92.95,0,5.5,default
919,85701,28.15,92.95,0,5.5,default
920,85702,28.25,92.95,0,5.5,default
922,85972,22.25,93.05,0,5.5,default
923,85973,22.35,93.05,0,5.5,default
924,85974,22.45,93.05,0,5.5,default
925,85975,22.55,93.05,0,5.5,default
926,85976,22.65,93.05,0,5.5,default
927,85977,22.75,93.05,0,5.5,default
928,85978,22.85,93.05,0,5.5,default
929,85979,22.95,93.05,0,5.5,default
930,85980,23.05,93.05,0,5.5,default
931,85981,23.15,93.05,0,5.5,default
932,85982,23.25,93.05,0,5.5,default
933,85983,23.35,93.05,0,5.5,default
934,85984,23.45,93.05,0,5.5,default
935,85985,23.55,93.05,0,5.5,default
936,85986,23.65,93.05,0,5.5,default
937,85987,23.75,93.05,0,5.5,default
938,85988,23.85,93.05,0,5.5,default
939,85989,23.95,93.05,0,5.5,default
940,85990,24.05,93.05,0,5.5,default
941,85991,24.15,93.05,0,5.5,default
942,85992,24.25,93.05,0,5.5,default
943,85993,24.35,93.05,0,5.5,default
944,85994,24.45,93.05,0,5.5,default
945,85995,24.55,93.05,0,5.5,default
946,85996,24.65,93.05,0,5.5,default
947,85997,24.75,93.05,0,5.5,default
948,85998,24.85,93.05,0,5.5,default
949,85999,24.95,93.05,0,5.5,default
950,86000,25.05,93.05,0,5.5,default
951,86001,25.15,93.05,0,5.5,default
952,86002,25.25,93.05,0,5.5,default
953,86003,25.35,93.05,0,5.5,default
954,86004,25.45,93.05,0,5.5,default
955,86005,25.55,93.05,0,5.5,default
956,86006,25.65,93.05,0,5.5,default
957,86007,25.75,93.05,0,5.5,default
958,86008,25.85,93.05,0,5.5,default
959,86009,25.95,93.05,0,5.5,default
960,86010,26.05,93.05,0,5.5,default
961,86011,26.15,93.05,0,5.5,default
962,86012,26.25,93.05,0,5.5,default
963,86013,26.35,93.05,0,5.5,default
964,86014,26.45,93.05,0,5.5,default
965,86015,26.55,93.05,0,5.5,default
966,86016,26.65,93.05,0,5.5,default
967,86017,26.75,93.05,0,5.5,default
968,86018,26.85,93.05,0,5.5,default
969,86019,26.95,93.05,0,5.5,default
970,86020,27.05,93.05,0,5.5,default
971,86021,27.15,93.05,0,5.5,default
972,86022,27.25,93.05,0,5.5,default
973,86023,27.35,93.05,0,5.5,default
974,86024,27.45,93.05,0,5.5,default
975,86025,27.55,93.05,0,5.5,default
976,86026,27.65,93.05,0,5.5,default
977,86027,27.75,93.05,0,5.5,default
978,86028,27.85,93.05,0,5.5,default
979,86029,27.95,93.05,0,5.5,default
980,86030,28.05,93.05,0,5.5,default
981,86031,28.15,93.05,0,5.5,default
982,86032,28.25,93.05,0,5.5,default
983,86302,22.25,93.15,0,5.5,default
984,86303,22.35,93.15,0,5.5,default
987,86311,23.15,93.15,0,5.5,default
988,86312,23.25,93.15,0,5.5,default
989,86313,23.35,93.15,0,5.5,default
990,86314,23.45,93.15,0,5.5,default
991,86315,23.55,93.15,0,5.5,default
992,86316,23.65,93.15,0,5.5,default
993,86317,23.75,93.15,0,5.5,default
994,86318,23.85,93.15,0,5.5,default
995,86319,23.95,93.15,0,5.5,default
996,86320,24.05,93.15,0,5.5,default
997,86321,24.15,93.15,0,5.5,default
998,86322,24.25,93.15,0,5.5,default
999,86323,24.35,93.15,0,5.5,default
1000,86324,24.45,93.15,0,5.5,default
1001,86325,24.55,93.15,0,5.5,default
1002,86326,24.65,93.15,0,5.5,default
1003,86327,24.75,93.15,0,5.5,default
1004,86328,24.85,93.15,0,5.5,default
1005,86329,24.95,93.15,0,5.5,default
1006,86330,25.05,93.15,0,5.5,default
1007,86331,25.15,93.15,0,5.5,default
1008,86332,25.25,93.15,0,5.5,default
1009,86333,25.35,93.15,0,5.5,default
1010,86334,25.45,93.15,0,5.5,default
1011,86335,25.55,93.15,0,5.5,default
1012,86336,25.65,93.15,0,5.5,default
1013,86337,25.75,93.15,0,5.5,default
1014,86338,25.85,93.15,0,5.5,default
1015,86339,25.95,93.15,0,5.5,default
1016,86340,26.05,93.15,0,5.5,default
1017,86341,26.15,93.15,0,5.5,default
1018,86342,26.25,93.15,0,5.5,default
1019,86343,26.35,93.15,0,5.5,default
1020,86344,26.45,93.15,0,5.5,default
1021,86345,26.55,93.15,0,5.5,default
1022,86346,26.65,93.15,0,5.5,default
1023,86347,26.75,93.15,0,5.5,default
1024,86348,26.85,93.15,0,5.5,default
1025,86349,26.95,93.15,0,5.5,default
1026,86350,27.05,93.15,0,5.5,default
1027,86351,27.15,93.15,0,5.5,default
1028,86352,27.25,93.15,0,5.5,default
1029,86353,27.35,93.15,0,5.5,default
1030,86354,27.45,93.15,0,5.5,default
1031,86355,27.55,93.15,0,5.5,default
1032,86356,27.65,93.15,0,5.5,default
1033,86357,27.75,93.15,0,5.5,default
1034,86358,27.85,93.15,0,5.5,default
1035,86359,27.95,93.15,0,5.5,default
1036,86360,28.05,93.15,0,5.5,default
1037,86361,28.15,93.15,0,5.5,default
1038,86362,28.25,93.15,0,5.5,default
1039,86640,23.05,93.25,0,5.5,default
1040,86641,23.15,93.25,0,5.5,default
1041,86642,23.25,93.25,0,5.5,default
1042,86643,23.35,93.25,0,5.5,default
1043,86644,23.45,93.25,0,5.5,default
1044,86645,23.55,93.25,0,5.5,default
1045,86646,23.65,93.25,0,5.5,default
1046,86647,23.75,93.25,0,5.5,default
1047,86648,23.85,93.25,0,5.5,default
1048,86649,23.95,93.25,0,5.5,default
1049,86650,24.05,93.25,0,5.5,default
1050,86651,24.15,93.25,0,5.5,default
1051,86652,24.25,93.25,0,5.5,default
1052,86653,24.35,93.25,0,5.5,default
1053,86654,24.45,93.25,0,5.5,default
1054,86655,24.55,93.25,0,5.5,default
1055,86656,24.65,93.25,0,5.5,default
1056,86657,24.75,93.25,0,5.5,default
1057,86658,24.85,93.25,0,5.5,default
1058,86659,24.95,93.25,0,5.5,default
1059,86660,25.05,93.25,0,5.5,default
1060,86661,25.15,93.25,0,5.5,default
1061,86662,25.25,93.25,0,5.5,default
1062,86663,25.35,93.25,0,5.5,default
1063,86664,25.45,93.25,0,5.5,default
1064,86665,25.55,93.25,0,5.5,default
1065,86666,25.65,93.25,0,5.5,default
1066,86667,25.75,93.25,0,5.5,default
1067,86668,25.85,93.25,0,5.5,default
1068,86669,25.95,93.25,0,5.5,default
1069,86670,26.05,93.25,0,5.5,default
1070,86671,26.15,93.25,0,5.5,default
1071,86672,26.25,93.25,0,5.5,default
1072,86673,26.35,93.25,0,5.5,default
1073,86674,26.45,93.25,0,5.5,default
1074,86675,26.55,93.25,0,5.5,default
1075,86676,26.65,93.25,0,5.5,default
1076,86677,26.75,93.25,0,5.5,default
1077,86678,26.85,93.25,0,5.5,default
1078,86679,26.95,93.25,0,5.5,default
1079,86680,27.05,93.25,0,5.5,default
1080,86681,27.15,93.25,0,5.5,default
1081,86682,27.25,93.25,0,5.5,default
1082,86683,27.35,93.25,0,5.5,default
1083,86684,27.45,93.25,0,5.5,default
1084,86685,27.55,93.25,0,5.5,default
1085,86686,27.65,93.25,0,5.5,default
1086,86687,27.75,93.25,0,5.5,default
1087,86688,27.85,93.25,0,5.5,default
1088,86689,27.95,93.25,0,5.5,default
1089,86690,28.05,93.25,0,5.5,default
1090,86691,28.15,93.25,0,5.5,default
1091,86692,28.25,93.25,0,5.5,default
1092,86693,28.35,93.25,0,5.5,default
1093,86694,28.45,93.25,0,5.5,default
1094,86971,23.15,93.35,0,5.5,default
1095,86972,23.25,93.35,0,5.5,default
1096,86973,23.35,93.35,0,5.5,default
1097,86974,23.45,93.35,0,5.5,default
1098,86975,23.55,93.35,0,5.5,default
1099,86976,23.65,93.35,0,5.5,default
1100,86977,23.75,93.35,0,5.5,default
1101,86978,23.85,93.35,0,5.5,default
1102,86979,23.95,93.35,0,5.5,default
1103,86981,24.15,93.35,0,5.5,default
1104,86982,24.25,93.35,0,5.5,default
1105,86983,24.35,93.35,0,5.5,default
1106,86984,24.45,93.35,0,5.5,default
1107,86985,24.55,93.35,0,5.5,default
1108,86986,24.65,93.35,0,5.5,default
1109,86987,24.75,93.35,0,5.5,default
1110,86988,24.85,93.35,0,5.5,default
1111,86989,24.95,93.35,0,5.5,default
1112,86990,25.05,93.35,0,5.5,default
1113,86991,25.15,93.35,0,5.5,default
1114,86992,25.25,93.35,0,5.5,default
1115,86993,25.35,93.35,0,5.5,default
1116,86994,25.45,93.35,0,5.5,default
1117,86995,25.55,93.35,0,5.5,default
1118,86996,25.65,93.35,0,5.5,default
1119,86997,25.75,93.35,0,5.5,default
1120,86998,25.85,93.35,0,5.5,default
1121,86999,25.95,93.35,0,5.5,default
1122,87000,26.05,93.35,0,5.5,default
1123,87001,26.15,93.35,0,5.5,default
1124,87002,26.25,93.35,0,5.5,default
1125,87003,26.35,93.35,0,5.5,default
1126,87004,26.45,93.35,0,5.5,default
1127,87005,26.55,93.35,0,5.5,default
1128,87006,26.65,93.35,0,5.5,default
1129,87007,26.75,93.35,0,5.5,default
1130,87008,26.85,93.35,0,5.5,default
1131,87009,26.95,93.35,0,5.5,default
1132,87010,27.05,93.35,0,5.5,default
1133,87011,27.15,93.35,0,5.5,default
1134,87012,27.25,93.35,0,5.5,default
1135,87013,27.35,93.35,0,5.5,default
1136,87014,27.45,93.35,0,5.5,default
1137,87015,27.55,93.35,0,5.5,default
1138,87016,27.65,93.35,0,5.5,default
1139,87017,27.75,93.35,0,5.5,default
1140,87018,27.85,93.35,0,5.5,default
1141,87019,27.95,93.35,0,5.5,default
1142,87020,28.05,93.35,0,5.5,default
1143,87021,28.15,93.35,0,5.5,default
1144,87022,28.25,93.35,0,5.5,default
1145,87023,28.35,93.35,0,5.5,default
1146,87024,28.45,93.35,0,5.5,default
1147,87025,28.55,93.35,0,5.5,default
1148,87310,24.05,93.45,0,5.5,default
1149,87311,24.15,93.45,0,5.5,default
1150,87312,24.25,93.45,0,5.5,default
1151,87313,24.35,93.45,0,5.5,default
1152,87314,24.45,93.45,0,5.5,default
1153,87315,24.55,93.45,0,5.5,default
1154,87316,24.65,93.45,0,5.5,default
1155,87317,24.75,93.45,0,5.5,default
1156,87318,24.85,93.45,0,5.5,default
1157,87319,24.95,93.45,0,5.5,default
1158,87320,25.05,93.45,0,5.5,default
1159,87321,25.15,93.45,0,5.5,default
1160,87322,25.25,93.45,0,5.5,default
1161,87323,25.35,93.45,0,5.5,default
1162,87324,25.45,93.45,0,5.5,default
1163,87325,25.55,93.45,0,5.5,default
1164,87326,25.65,93.45,0,5.5,default
1165,87327,25.75,93.45,0,5.5,default
1166,87328,25.85,93.45,0,5.5,default
1167,87329,25.95,93.45,0,5.5,default
1168,87330,26.05,93.45,0,5.5,default
1169,87331,26.15,93.45,0,5.5,default
1170,87332,26.25,93.45,0,5.5,default
1171,87333,26.35,93.45,0,5.5,default
1172,87334,26.45,93.45,0,5.5,default
1173,87335,26.55,93.45,0,5.5,default
1174,87336,26.65,93.45,0,5.5,default
1175,87337,26.75,93.45,0,5.5,default
1176,87338,26.85,93.45,0,5.5,default
1177,87339,26.95,93.45,0,5.5,default
1178,87340,27.05,93.45,0,5.5,default
1179,87341,27.15,93.45,0,5.5,default
1180,87342,27.25,93.45,0,5.5,default
1181,87343,27.35,93.45,0,5.5,default
1182,87344,27.45,93.45,0,5.5,default
1183,87345,27.55,93.45,0,5.5,default
1184,87346,27.65,93.45,0,5.5,default
1185,87347,27.75,93.45,0,5.5,default
1186,87348,27.85,93.45,0,5.5,default
1187,87349,27.95,93.45,0,5.5,default
1188,87350,28.05,93.45,0,5.5,default
1189,87351,28.15,93.45,0,5.5,default
1190,87352,28.25,93.45,0,5.5,default
1191,87353,28.35,93.45,0,5.5,default
1192,87354,28.45,93.45,0,5.5,default
1193,87355,28.55,93.45,0,5.5,default
1194,87356,28.65,93.45,0,5.5,default
1195,87640,24.05,93.55,0,5.5,default
1196,87641,24.15,93.55,0,5.5,default
1197,87642,24.25,93.55,0,5.5,default
1198,87643,24.35,93.55,0,5.5,default
1199,87644,24.45,93.55,0,5.5,default
1200,87645,24.55,93.55,0,5.5,default
1201,87646,24.65,93.55,0,5.5,default
1202,87647,24.75,93.55,0,5.5,default
1203,87648,24.85,93.55,0,5.5,default
1204,87649,24.95,93.55,0,5.5,default
1205,87650,25.05,93.55,0,5.5,default
1206,87651,25.15,93.55,0,5.5,default
1207,87652,25.25,93.55,0,5.5,default
1208,87653,25.35,93.55,0,5.5,default
1209,87654,25.45,93.55,0,5.5,default
1210,87655,25.55,93.55,0,5.5,default
1211,87656,25.65,93.55,0,5.5,default
1212,87657,25.75,93.55,0,5.5,default
1213,87658,25.85,93.55,0,5.5,default
1214,87659,25.95,93.55,0,5.5,default
1215,87660,26.05,93.55,0,5.5,default
1216,87661,26.15,93.55,0,5.5,default
1217,87662,26.25,93.55,0,5.5,default
1218,87663,26.35,93.55,0,5.5,default
1219,87664,26.45,93.55,0,5.5,default
1220,87665,26.55,93.55,0,5.5,default
1221,87666,26.65,93.55,0,5.5,default
1222,87667,26.75,93.55,0,5.5,default
1223,87668,26.85,93.55,0,5.5,default
1224,87669,26.95,93.55,0,5.5,default
1225,87670,27.05,93.55,0,5.5,default
1226,87671,27.15,93.55,0,5.5,default
1227,87672,27.25,93.55,0,5.5,default
1228,87673,27.35,93.55,0,5.5,default
1229,87674,27.45,93.55,0,5.5,default
1230,87675,27.55,93.55,0,5.5,default
1231,87676,27.65,93.55,0,5.5,default
1232,87677,27.75,93.55,0,5.5,default
1233,87678,27.85,93.55,0,5.5,default
1234,87679,27.95,93.55,0,5.5,default
1235,87680,28.05,93.55,0,5.5,default
1236,87681,28.15,93.55,0,5.5,default
1237,87682,28.25,93.55,0,5.5,default
1238,87683,28.35,93.55,0,5.5,default
1239,87684,28.45,93.55,0,5.5,default
1240,87685,28.55,93.55,0,5.5,default
1241,87686,28.65,93.55,0,5.5,default
1242,87970,24.05,93.65,0,5.5,default
1243,87971,24.15,93.65,0,5.5,default
1244,87972,24.25,93.65,0,5.5,default
1245,87973,24.35,93.65,0,5.5,default
1246,87974,24.45,93.65,0,5.5,default
1247,87975,24.55,93.65,0,5.5,default
1248,87976,24.65,93.65,0,5.5,default
1249,87977,24.75,93.65,0,5.5,default
1250,87978,24.85,93.65,0,5.5,default
1251,87979,24.95,93.65,0,5.5,default
1252,87980,25.05,93.65,0,5.5,default
1253,87981,25.15,93.65,0,5.5,default
1254,87982,25.25,93.65,0,5.5,default
1255,87983,25.35,93.65,0,5.5,default
1256,87984,25.45,93.65,0,5.5,default
1257,87985,25.55,93.65,0,5.5,default
1258,87986,25.65,93.65,0,5.5,default
1259,87987,25.75,93.65,0,5.5,default
1260,87988,25.85,93.65,0,5.5,default
1261,87989,25.95,93.65,0,5.5,default
1262,87990,26.05,93.65,0,5.5,default
1263,87991,26.15,93.65,0,5.5,default
1264,87992,26.25,93.65,0,5.5,default
1265,87993,26.35,93.65,0,5.5,default
1266,87994,26.45,93.65,0,5.5,default
1267,87995,26.55,93.65,0,5.5,default
1268,87996,26.65,93.65,0,5.5,default
1269,87997,26.75,93.65,0,5.5,default
1270,87998,26.85,93.65,0,5.5,default
1271,87999,26.95,93.65,0,5.5,default
1272,88000,27.05,93.65,0,5.5,default
1273,88001,27.15,93.65,0,5.5,default
1274,88002,27.25,93.65,0,5.5,default
1275,88003,27.35,93.65,0,5.5,default
1276,88004,27.45,93.65,0,5.5,default
1277,88005,27.55,93.65,0,5.5,default
1278,88006,27.65,93.65,0,5.5,default
1279,88007,27.75,93.65,0,5.5,default
1280,88008,27.85,93.65,0,5.5,default
1281,88009,27.95,93.65,0,5.5,default
1282,88010,28.05,93.65,0,5.5,default
1283,88011,28.15,93.65,0,5.5,default
1284,88012,28.25,93.65,0,5.5,default
1285,88013,28.35,93.65,0,5.5,default
1286,88014,28.45,93.65,0,5.5,default
1287,88015,28.55,93.65,0,5.5,default
1288,88016,28.65,93.65,0,5.5,default
1289,88300,24.05,93.75,0,5.5,default
1290,88301,24.15,93.75,0,5.5,default
1291,88302,24.25,93.75,0,5.5,default
1292,88303,24.35,93.75,0,5.5,default
1293,88304,24.45,93.75,0,5.5,default
1294,88305,24.55,93.75,0,5.5,default
1295,88306,24.65,93.75,0,5.5,default
1296,88307,24.75,93.75,0,5.5,default
1297,88308,24.85,93.75,0,5.5,default
1298,88309,24.95,93.75,0,5.5,default
1299,88310,25.05,93.75,0,5.5,default
1300,88311,25.15,93.75,0,5.5,default
1301,88312,25.25,93.75,0,5.5,default
1302,88313,25.35,93.75,0,5.5,default
1303,88314,25.45,93.75,0,5.5,default
1304,88315,25.55,93.75,0,5.5,default
1305,88316,25.65,93.75,0,5.5,default
1306,88317,25.75,93.75,0,5.5,default
1307,88318,25.85,93.75,0,5.5,default
1308,88319,25.95,93.75,0,5.5,default
1309,88320,26.05,93.75,0,5.5,default
1310,88321,26.15,93.75,0,5.5,default
1311,88322,26.25,93.75,0,5.5,default
1312,88323,26.35,93.75,0,5.5,default
1313,88324,26.45,93.75,0,5.5,default
1314,88325,26.55,93.75,0,5.5,default
1315,88326,26.65,93.75,0,5.5,default
1316,88327,26.75,93.75,0,5.5,default
1317,88328,26.85,93.75,0,5.5,default
1318,88329,26.95,93.75,0,5.5,default
1319,88330,27.05,93.75,0,5.5,default
1320,88331,27.15,93.75,0,5.5,default
1321,88332,27.25,93.75,0,5.5,default
1322,88333,27.35,93.75,0,5.5,default
1323,88334,27.45,93.75,0,5.5,default
1324,88335,27.55,93.75,0,5.5,default
1325,88336,27.65,93.75,0,5.5,default
1326,88337,27.75,93.75,0,5.5,default
1327,88338,27.85,93.75,0,5.5,default
1328,88339,27.95,93.75,0,5.5,default
1329,88340,28.05,93.75,0,5.5,default
1330,88341,28.15,93.75,0,5.5,default
1331,88342,28.25,93.75,0,5.5,default
1332,88343,28.35,93.75,0,5.5,default
1333,88344,28.45,93.75,0,5.5,default
1334,88345,28.55,93.75,0,5.5,default
1335,88346,28.65,93.75,0,5.5,default
1336,88629,23.95,93.85,0,5.5,default
1337,88630,24.05,93.85,0,5.5,default
1338,88631,24.15,93.85,0,5.5,default
1339,88632,24.25,93.85,0,5.5,default
1340,88633,24.35,93.85,0,5.5,default
1341,88634,24.45,93.85,0,5.5,default
1342,88635,24.55,93.85,0,5.5,default
1343,88636,24.65,93.85,0,5.5,default
1344,88637,24.75,93.85,0,5.5,default
1345,88638,24.85,93.85,0,5.5,default
1346,88639,24.95,93.85,0,5.5,default
1347,88640,25.05,93.85,0,5.5,default
1348,88641,25.15,93.85,0,5.5,default
1349,88642,25.25,93.85,0,5.5,default
1350,88643,25.35,93.85,0,5.5,default
1351,88644,25.45,93.85,0,5.5,default
1352,88645,25.55,93.85,0,5.5,default
1353,88646,25.65,93.85,0,5.5,default
1354,88647,25.75,93.85,0,5.5,default
1355,88648,25.85,93.85,0,5.5,default
1356,88649,25.95,93.85,0,5.5,default
1357,88650,26.05,93.85,0,5.5,default
1358,88651,26.15,93.85,0,5.5,default
1359,88652,26.25,93.85,0,5.5,default
1360,88653,26.35,93.85,0,5.5,default
1361,88654,26.45,93.85,0,5.5,default
1362,88655,26.55,93.85,0,5.5,default
1363,88656,26.65,93.85,0,5.5,default
1364,88657,26.75,93.85,0,5.5,default
1365,88658,26.85,93.85,0,5.5,default
1366,88659,26.95,93.85,0,5.5,default
1367,88660,27.05,93.85,0,5.5,default
1368,88661,27.15,93.85,0,5.5,default
1369,88662,27.25,93.85,0,5.5,default
1370,88663,27.35,93.85,0,5.5,default
1371,88664,27.45,93.85,0,5.5,default
1372,88665,27.55,93.85,0,5.5,default
1373,88666,27.65,93.85,0,5.5,default
1374,88667,27.75,93.85,0,5.5,default
1375,88668,27.85,93.85,0,5.5,default
1376,88669,27.95,93.85,0,5.5,default
1377,88670,28.05,93.85,0,5.5,default
1378,88671,28.15,93.85,0,5.5,default
1379,88672,28.25,93.85,0,5.5,default
1380,88673,28.35,93.85,0,5.5,default
1381,88674,28.45,93.85,0,5.5,default
1382,88675,28.55,93.85,0,5.5,default
1383,88676,28.65,93.85,0,5.5,default
1384,88960,24.05,93.95,0,5.5,default
1385,88961,24.15,93.95,0,5.5,default
1386,88962,24.25,93.95,0,5.5,default
1387,88963,24.35,93.95,0,5.5,default
1388,88964,24.45,93.95,0,5.5,default
1389,88965,24.55,93.95,0,5.5,default
1390,88966,24.65,93.95,0,5.5,default
1391,88967,24.75,93.95,0,5.5,default
1392,88968,24.85,93.95,0,5.5,default
1393,88969,24.95,93.95,0,5.5,default
1394,88970,25.05,93.95,0,5.5,default
1395,88971,25.15,93.95,0,5.5,default
1396,88972,25.25,93.95,0,5.5,default
1397,88973,25.35,93.95,0,5.5,default
1398,88974,25.45,93.95,0,5.5,default
1399,88975,25.55,93.95,0,5.5,default
1400,88976,25.65,93.95,0,5.5,default
1401,88977,25.75,93.95,0,5.5,default
1402,88978,25.85,93.95,0,5.5,default
1403,88979,25.95,93.95,0,5.5,default
1404,88980,26.05,93.95,0,5.5,default
1405,88981,26.15,93.95,0,5.5,default
1406,88982,26.25,93.95,0,5.5,default
1407,88983,26.35,93.95,0,5.5,default
1408,88984,26.45,93.95,0,5.5,default
1409,88985,26.55,93.95,0,5.5,default
1410,88986,26.65,93.95,0,5.5,default
1411,88987,26.75,93.95,0,5.5,default
1412,88988,26.85,93.95,0,5.5,default
1413,88989,26.95,93.95,0,5.5,default
1414,88990,27.05,93.95,0,5.5,default
1415,88991,27.15,93.95,0,5.5,default
1416,88992,27.25,93.95,0,5.5,default
1417,88993,27.35,93.95,0,5.5,default
1418,88994,27.45,93.95,0,5.5,default
1419,88995,27.55,93.95,0,5.5,default
1420,88996,27.65,93.95,0,5.5,default
1421,88997,27.75,93.95,0,5.5,default
1422,88998,27.85,93.95,0,5.5,default
1423,88999,27.95,93.95,0,5.5,default
1424,89000,28.05,93.95,0,5.5,default
1425,89001,28.15,93.95,0,5.5,default
1426,89002,28.25,93.95,0,5.5,default
1427,89003,28.35,93.95,0,5.5,default
1428,89004,28.45,93.95,0,5.5,default
1429,89005,28.55,93.95,0,5.5,default
1430,89006,28.65,93.95,0,5.5,default
1431,89289,23.95,94.05,0,5.5,default
1432,89290,24.05,94.05,0,5.5,default
1433,89291,24.15,94.05,0,5.5,default
1434,89292,24.25,94.05,0,5.5,default
1435,89293,24.35,94.05,0,5.5,default
1436,89294,24.45,94.05,0,5.5,default
1437,89295,24.55,94.05,0,5.5,default
1438,89296,24.65,94.05,0,5.5,default
1439,89297,24.75,94.05,0,5.5,default
1440,89298,24.85,94.05,0,5.5,default
1441,89299,24.95,94.05,0,5.5,default
1442,89300,25.05,94.05,0,5.5,default
1443,89301,25.15,94.05,0,5.5,default
1444,89302,25.25,94.05,0,5.5,default
1445,89303,25.35,94.05,0,5.5,default
1446,89304,25.45,94.05,0,5.5,default
1447,89305,25.55,94.05,0,5.5,default
1448,89306,25.65,94.05,0,5.5,default
1449,89307,25.75,94.05,0,5.5,default
1450,89308,25.85,94.05,0,5.5,default
1451,89309,25.95,94.05,0,5.5,default
1452,89310,26.05,94.05,0,5.5,default
1453,89311,26.15,94.05,0,5.5,default
1454,89312,26.25,94.05,0,5.5,default
1455,89313,26.35,94.05,0,5.5,default
1456,89314,26.45,94.05,0,5.5,default
1457,89315,26.55,94.05,0,5.5,default
1458,89316,26.65,94.05,0,5.5,default
1459,89317,26.75,94.05,0,5.5,default
1460,89318,26.85,94.05,0,5.5,default
1461,89319,26.95,94.05,0,5.5,default
1462,89320,27.05,94.05,0,5.5,default
1463,89321,27.15,94.05,0,5.5,default
1464,89322,27.25,94.05,0,5.5,default
1465,89323,27.35,94.05,0,5.5,default
1466,89324,27.45,94.05,0,5.5,default
1467,89325,27.55,94.05,0,5.5,default
1468,89326,27.65,94.05,0,5.5,default
1469,89327,27.75,94.05,0,5.5,default
1470,89328,27.85,94.05,0,5.5,default
1471,89329,27.95,94.05,0,5.5,default
1472,89330,28.05,94.05,0,5.5,default
1473,89331,28.15,94.05,0,5.5,default
1474,89332,28.25,94.05,0,5.5,default
1475,89333,28.35,94.05,0,5.5,default
1476,89334,28.45,94.05,0,5.5,default
1477,89335,28.55,94.05,0,5.5,default
1478,89336,28.65,94.05,0,5.5,default
1479,89337,28.75,94.05,0,5.5,default
1480,89338,28.85,94.05,0,5.5,default
1481,89619,23.95,94.15,0,5.5,default
1482,89620,24.05,94.15,0,5.5,default
1483,89621,24.15,94.15,0,5.5,default
1484,89622,24.25,94.15,0,5.5,default
1485,89623,24.35,94.15,0,5.5,default
1486,89624,24.45,94.15,0,5.5,default
1487,89625,24.55,94.15,0,5.5,default
1488,89626,24.65,94.15,0,5.5,default
1489,89627,24.75,94.15,0,5.5,default
1490,89628,24.85,94.15,0,5.5,default
1491,89629,24.95,94.15,0,5.5,default
1492,89630,25.05,94.15,0,5.5,default
1493,89631,25.15,94.15,0,5.5,default
1494,89632,25.25,94.15,0,5.5,default
1495,89633,25.35,94.15,0,5.5,default
1496,89634,25.45,94.15,0,5.5,default
1497,89635,25.55,94.15,0,5.5,default
1498,89636,25.65,94.15,0,5.5,default
1499,89637,25.75,94.15,0,5.5,default
1500,89638,25.85,94.15,0,5.5,default
1501,89639,25.95,94.15,0,5.5,default
1502,89640,26.05,94.15,0,5.5,default
1503,89641,26.15,94.15,0,5.5,default
1504,89642,26.25,94.15,0,5.5,default
1505,89643,26.35,94.15,0,5.5,default
1506,89644,26.45,94.15,0,5.5,default
1507,89645,26.55,94.15,0,5.5,default
1508,89646,26.65,94.15,0,5.5,default
1509,89647,26.75,94.15,0,5.5,default
1510,89648,26.85,94.15,0,5.5,default
1511,89649,26.95,94.15,0,5.5,default
1512,89650,27.05,94.15,0,5.5,default
1513,89651,27.15,94.15,0,5.5,default
1514,89652,27.25,94.15,0,5.5,default
1515,89653,27.35,94.15,0,5.5,default
1516,89654,27.45,94.15,0,5.5,default
1517,89655,27.55,94.15,0,5.5,default
1518,89656,27.65,94.15,0,5.5,default
1519,89657,27.75,94.15,0,5.5,default
1520,89658,27.85,94.15,0,5.5,default
1521,89659,27.95,94.15,0,5.5,default
1522,89660,28.05,94.15,0,5.5,default
1523,89661,28.15,94.15,0,5.5,default
1524,89662,28.25,94.15,0,5.5,default
1525,89663,28.35,94.15,0,5.5,default
1526,89664,28.45,94.15,0,5.5,default
1527,89665,28.55,94.15,0,5.5,default
1528,89666,28.65,94.15,0,5.5,default
1529,89667,28.75,94.15,0,5.5,default
1530,89668,28.85,94.15,0,5.5,default
1531,89669,28.95,94.15,0,5.5,default
1532,89951,24.15,94.25,0,5.5,default
1533,89952,24.25,94.25,0,5.5,default
1534,89953,24.35,94.25,0,5.5,default
1535,89954,24.45,94.25,0,5.5,default
1536,89955,24.55,94.25,0,5.5,default
1537,89956,24.65,94.25,0,5.5,default
1538,89957,24.75,94.25,0,5.5,default
1539,89958,24.85,94.25,0,5.5,default
1540,89959,24.95,94.25,0,5.5,default
1541,89960,25.05,94.25,0,5.5,default
1542,89961,25.15,94.25,0,5.5,default
1543,89962,25.25,94.25,0,5.5,default
1544,89963,25.35,94.25,0,5.5,default
1545,89964,25.45,94.25,0,5.5,default
1546,89965,25.55,94.25,0,5.5,default
1547,89966,25.65,94.25,0,5.5,default
1548,89967,25.75,94.25,0,5.5,default
1549,89968,25.85,94.25,0,5.5,default
1550,89969,25.95,94.25,0,5.5,default
1551,89970,26.05,94.25,0,5.5,default
1552,89971,26.15,94.25,0,5.5,default
1553,89972,26.25,94.25,0,5.5,default
1554,89973,26.35,94.25,0,5.5,default
1555,89974,26.45,94.25,0,5.5,default
1556,89975,26.55,94.25,0,5.5,default
1557,89976,26.65,94.25,0,5.5,default
1558,89977,26.75,94.25,0,5.5,default
1559,89978,26.85,94.25,0,5.5,default
1560,89979,26.95,94.25,0,5.5,default
1561,89980,27.05,94.25,0,5.5,default
1562,89981,27.15,94.25,0,5.5,default
1563,89982,27.25,94.25,0,5.5,default
1564,89983,27.35,94.25,0,5.5,default
1565,89984,27.45,94.25,0,5.5,default
1566,89985,27.55,94.25,0,5.5,default
1567,89986,27.65,94.25,0,5.5,default
1568,89987,27.75,94.25,0,5.5,default
1569,89988,27.85,94.25,0,5.5,default
1570,89989,27.95,94.25,0,5.5,default
1571,89990,28.05,94.25,0,5.5,default
1572,89991,28.15,94.25,0,5.5,default
1573,89992,28.25,94.25,0,5.5,default
1574,89993,28.35,94.25,0,5.5,default
1575,89994,28.45,94.25,0,5.5,default
1576,89995,28.55,94.25,0,5.5,default
1577,89996,28.65,94.25,0,5.5,default
1578,89997,28.75,94.25,0,5.5,default
1579,89998,28.85,94.25,0,5.5,default
1580,89999,28.95,94.25,0,5.5,default
1581,90000,29.05,94.25,0,5.5,default
1582,90283,24.35,94.35,0,5.5,default
1583,90284,24.45,94.35,0,5.5,default
1584,90285,24.55,94.35,0,5.5,default
1585,90286,24.65,94.35,0,5.5,default
1586,90287,24.75,94.35,0,5.5,default
1587,90288,24.85,94.35,0,5.5,default
1588,90289,24.95,94.35,0,5.5,default
1589,90290,25.05,94.35,0,5.5,default
1590,90291,25.15,94.35,0,5.5,default
1591,90292,25.25,94.35,0,5.5,default
1592,90293,25.35,94.35,0,5.5,default
1593,90294,25.45,94.35,0,5.5,default
1594,90295,25.55,94.35,0,5.5,default
1595,90296,25.65,94.35,0,5.5,default
1596,90297,25.75,94.35,0,5.5,default
1597,90298,25.85,94.35,0,5.5,default
1598,90299,25.95,94.35,0,5.5,default
1599,90300,26.05,94.35,0,5.5,default
1600,90301,26.15,94.35,0,5.5,default
1601,90302,26.25,94.35,0,5.5,default
1602,90303,26.35,94.35,0,5.5,default
1603,90304,26.45,94.35,0,5.5,default
1604,90305,26.55,94.35,0,5.5,default
1605,90306,26.65,94.35,0,5.5,default
1606,90307,26.75,94.35,0,5.5,default
1607,90308,26.85,94.35,0,5.5,default
1608,90309,26.95,94.35,0,5.5,default
1609,90310,27.05,94.35,0,5.5,default
1610,90311,27.15,94.35,0,5.5,default
1611,90312,27.25,94.35,0,5.5,default
1612,90313,27.35,94.35,0,5.5,default
1613,90314,27.45,94.35,0,5.5,default
1614,90315,27.55,94.35,0,5.5,default
1615,90316,27.65,94.35,0,5.5,default
1616,90317,27.75,94.35,0,5.5,default
1617,90318,27.85,94.35,0,5.5,default
1618,90319,27.95,94.35,0,5.5,default
1619,90320,28.05,94.35,0,5.5,default
1620,90321,28.15,94.35,0,5.5,default
1621,90322,28.25,94.35,0,5.5,default
1622,90323,28.35,94.35,0,5.5,default
1623,90324,28.45,94.35,0,5.5,default
1624,90325,28.55,94.35,0,5.5,default
1625,90326,28.65,94.35,0,5.5,default
1626,90327,28.75,94.35,0,5.5,default
1627,90328,28.85,94.35,0,5.5,default
1628,90329,28.95,94.35,0,5.5,default
1629,90330,29.05,94.35,0,5.5,default
1632,90616,24.65,94.45,0,5.5,default
1633,90617,24.75,94.45,0,5.5,default
1634,90618,24.85,94.45,0,5.5,default
1635,90619,24.95,94.45,0,5.5,default
1636,90620,25.05,94.45,0,5.5,default
1637,90621,25.15,94.45,0,5.5,default
1638,90622,25.25,94.45,0,5.5,default
1639,90623,25.35,94.45,0,5.5,default
1640,90624,25.45,94.45,0,5.5,default
1641,90625,25.55,94.45,0,5.5,default
1642,90626,25.65,94.45,0,5.5,default
1643,90627,25.75,94.45,0,5.5,default
1644,90628,25.85,94.45,0,5.5,default
1645,90629,25.95,94.45,0,5.5,default
1646,90630,26.05,94.45,0,5.5,default
1647,90631,26.15,94.45,0,5.5,default
1648,90632,26.25,94.45,0,5.5,default
1649,90633,26.35,94.45,0,5.5,default
1650,90634,26.45,94.45,0,5.5,default
1651,90635,26.55,94.45,0,5.5,default
1652,90636,26.65,94.45,0,5.5,default
1653,90637,26.75,94.45,0,5.5,default
1654,90638,26.85,94.45,0,5.5,default
1655,90639,26.95,94.45,0,5.5,default
1656,90640,27.05,94.45,0,5.5,default
1657,90641,27.15,94.45,0,5.5,default
1658,90642,27.25,94.45,0,5.5,default
1659,90643,27.35,94.45,0,5.5,default
1660,90644,27.45,94.45,0,5.5,default
1661,90645,27.55,94.45,0,5.5,default
1662,90646,27.65,94.45,0,5.5,default
1663,90647,27.75,94.45,0,5.5,default
1664,90648,27.85,94.45,0,5.5,default
1665,90649,27.95,94.45,0,5.5,default
1666,90650,28.05,94.45,0,5.5,default
1667,90651,28.15,94.45,0,5.5,default
1668,90652,28.25,94.45,0,5.5,default
1669,90653,28.35,94.45,0,5.5,default
1670,90654,28.45,94.45,0,5.5,default
1671,90655,28.55,94.45,0,5.5,default
1672,90656,28.65,94.45,0,5.5,default
1673,90657,28.75,94.45,0,5.5,default
1674,90658,28.85,94.45,0,5.5,default
1675,90659,28.95,94.45,0,5.5,default
1676,90660,29.05,94.45,0,5.5,default
1677,90661,29.15,94.45,0,5.5,default
1678,90947,24.75,94.55,0,5.5,default
1679,90948,24.85,94.55,0,5.5,default
1680,90949,24.95,94.55,0,5.5,default
1681,90950,25.05,94.55,0,5.5,default
1682,90951,25.15,94.55,0,5.5,default
1683,90952,25.25,94.55,0,5.5,default
1684,90953,25.35,94.55,0,5.5,default
1685,90954,25.45,94.55,0,5.5,default
1686,90955,25.55,94.55,0,5.5,default
1687,90956,25.65,94.55,0,5.5,default
1688,90957,25.75,94.55,0,5.5,default
1689,90958,25.85,94.55,0,5.5,default
1690,90959,25.95,94.55,0,5.5,default
1691,90960,26.05,94.55,0,5.5,default
1692,90961,26.15,94.55,0,5.5,default
1693,90962,26.25,94.55,0,5.5,default
1694,90963,26.35,94.55,0,5.5,default
1695,90964,26.45,94.55,0,5.5,default
1696,90965,26.55,94.55,0,5.5,default
1697,90966,26.65,94.55,0,5.5,default
1698,90967,26.75,94.55,0,5.5,default
1699,90968,26.85,94.55,0,5.5,default
1700,90969,26.95,94.55,0,5.5,default
1701,90970,27.05,94.55,0,5.5,default
1702,90971,27.15,94.55,0,5.5,default
1703,90972,27.25,94.55,0,5.5,default
1704,90973,27.35,94.55,0,5.5,default
1705,90974,27.45,94.55,0,5.5,default
1706,90975,27.55,94.55,0,5.5,default
1707,90976,27.65,94.55,0,5.5,default
1708,90977,27.75,94.55,0,5.5,default
1709,90978,27.85,94.55,0,5.5,default
1710,90979,27.95,94.55,0,5.5,default
1711,90980,28.05,94.55,0,5.5,default
1712,90981,28.15,94.55,0,5.5,default
1713,90982,28.25,94.55,0,5.5,default
1714,90983,28.35,94.55,0,5.5,default
1715,90984,28.45,94.55,0,5.5,default
1716,90985,28.55,94.55,0,5.5,default
1717,90986,28.65,94.55,0,5.5,default
1718,90987,28.75,94.55,0,5.5,default
1719,90988,28.85,94.55,0,5.5,default
1720,90989,28.95,94.55,0,5.5,default
1721,90990,29.05,94.55,0,5.5,default
1722,90991,29.15,94.55,0,5.5,default
1723,91279,24.95,94.65,0,5.5,default
1724,91280,25.05,94.65,0,5.5,default
1725,91281,25.15,94.65,0,5.5,default
1726,91284,25.45,94.65,0,5.5,default
1727,91285,25.55,94.65,0,5.5,default
1728,91286,25.65,94.65,0,5.5,default
1729,91287,25.75,94.65,0,5.5,default
1730,91288,25.85,94.65,0,5.5,default
1731,91289,25.95,94.65,0,5.5,default
1732,91290,26.05,94.65,0,5.5,default
1733,91291,26.15,94.65,0,5.5,default
1734,91292,26.25,94.65,0,5.5,default
1735,91293,26.35,94.65,0,5.5,default
1736,91294,26.45,94.65,0,5.5,default
1737,91295,26.55,94.65,0,5.5,default
1738,91296,26.65,94.65,0,5.5,default
1739,91297,26.75,94.65,0,5.5,default
1740,91298,26.85,94.65,0,5.5,default
1741,91299,26.95,94.65,0,5.5,default
1742,91300,27.05,94.65,0,5.5,default
1743,91301,27.15,94.65,0,5.5,default
1744,91302,27.25,94.65,0,5.5,default
1745,91303,27.35,94.65,0,5.5,default
1746,91304,27.45,94.65,0,5.5,default
1747,91305,27.55,94.65,0,5.5,default
1748,91306,27.65,94.65,0,5.5,default
1749,91307,27.75,94.65,0,5.5,default
1750,91308,27.85,94.65,0,5.5,default
1751,91309,27.95,94.65,0,5.5,default
1752,91310,28.05,94.65,0,5.5,default
1753,91311,28.15,94.65,0,5.5,default
1754,91312,28.25,94.65,0,5.5,default
1755,91313,28.35,94.65,0,5.5,default
1756,91314,28.45,94.65,0,5.5,default
1757,91315,28.55,94.65,0,5.5,default
1758,91316,28.65,94.65,0,5.5,default
1759,91317,28.75,94.65,0,5.5,default
1760,91318,28.85,94.65,0,5.5,default
1761,91319,28.95,94.65,0,5.5,default
1762,91320,29.05,94.65,0,5.5,default
1763,91321,29.15,94.65,0,5.5,default
1764,91322,29.25,94.65,0,5.5,default
1765,91615,25.55,94.75,0,5.5,default
1766,91616,25.65,94.75,0,5.5,default
1767,91617,25.75,94.75,0,5.5,default
1768,91618,25.85,94.75,0,5.5,default
1769,91619,25.95,94.75,0,5.5,default
1770,91620,26.05,94.75,0,5.5,default
1771,91621,26.15,94.75,0,5.5,default
1772,91622,26.25,94.75,0,5.5,default
1773,91623,26.35,94.75,0,5.5,default
1774,91624,26.45,94.75,0,5.5,default
1775,91625,26.55,94.75,0,5.5,default
1776,91626,26.65,94.75,0,5.5,default
1777,91627,26.75,94.75,0,5.5,default
1778,91628,26.85,94.75,0,5.5,default
1779,91629,26.95,94.75,0,5.5,default
1780,91630,27.05,94.75,0,5.5,default
1781,91631,27.15,94.75,0,5.5,default
1782,91632,27.25,94.75,0,5.5,default
1783,91633,27.35,94.75,0,5.5,default
1784,91634,27.45,94.75,0,5.5,default
1785,91635,27.55,94.75,0,5.5,default
1786,91636,27.65,94.75,0,5.5,default
1787,91637,27.75,94.75,0,5.5,default
1788,91638,27.85,94.75,0,5.5,default
1789,91639,27.95,94.75,0,5.5,default
1790,91640,28.05,94.75,0,5.5,default
1791,91641,28.15,94.75,0,5.5,default
1792,91642,28.25,94.75,0,5.5,default
1793,91643,28.35,94.75,0,5.5,default
1794,91644,28.45,94.75,0,5.5,default
1795,91645,28.55,94.75,0,5.5,default
1796,91646,28.65,94.75,0,5.5,default
1797,91647,28.75,94.75,0,5.5,default
1798,91648,28.85,94.75,0,5.5,default
1799,91649,28.95,94.75,0,5.5,default
1800,91650,29.05,94.75,0,5.5,default
1801,91651,29.15,94.75,0,5.5,default
1803,91946,25.65,94.85,0,5.5,default
1804,91947,25.75,94.85,0,5.5,default
1805,91948,25.85,94.85,0,5.5,default
1806,91949,25.95,94.85,0,5.5,default
1807,91950,26.05,94.85,0,5.5,default
1808,91951,26.15,94.85,0,5.5,default
1809,91952,26.25,94.85,0,5.5,default
1810,91953,26.35,94.85,0,5.5,default
1811,91954,26.45,94.85,0,5.5,default
1812,91955,26.55,94.85,0,5.5,default
1813,91956,26.65,94.85,0,5.5,default
1814,91957,26.75,94.85,0,5.5,default
1815,91958,26.85,94.85,0,5.5,default
1816,91959,26.95,94.85,0,5.5,default
1817,91960,27.05,94.85,0,5.5,default
1818,91961,27.15,94.85,0,5.5,default
1819,91962,27.25,94.85,0,5.5,default
1820,91963,27.35,94.85,0,5.5,default
1821,91964,27.45,94.85,0,5.5,default
1822,91965,27.55,94.85,0,5.5,default
1823,91966,27.65,94.85,0,5.5,default
1824,91967,27.75,94.85,0,5.5,default
1825,91968,27.85,94.85,0,5.5,default
1826,91969,27.95,94.85,0,5.5,default
1827,91970,28.05,94.85,0,5.5,default
1828,91971,28.15,94.85,0,5.5,default
1829,91972,28.25,94.85,0,5.5,default
1830,91973,28.35,94.85,0,5.5,default
1831,91974,28.45,94.85,0,5.5,default
1832,91975,28.55,94.85,0,5.5,default
1833,91976,28.65,94.85,0,5.5,default
1834,91977,28.75,94.85,0,5.5,default
1835,91978,28.85,94.85,0,5.5,default
1836,91979,28.95,94.85,0,5.5,default
1837,91980,29.05,94.85,0,5.5,default
1838,91981,29.15,94.85,0,5.5,default
1839,92277,25.75,94.95,0,5.5,default
1840,92278,25.85,94.95,0,5.5,default
1841,92279,25.95,94.95,0,5.5,default
1842,92280,26.05,94.95,0,5.5,default
1843,92281,26.15,94.95,0,5.5,default
1844,92282,26.25,94.95,0,5.5,default
1845,92283,26.35,94.95,0,5.5,default
1846,92284,26.45,94.95,0,5.5,default
1847,92285,26.55,94.95,0,5.5,default
1848,92286,26.65,94.95,0,5.5,default
1849,92287,26.75,94.95,0,5.5,default
1850,92288,26.85,94.95,0,5.5,default
1851,92289,26.95,94.95,0,5.5,default
1852,92290,27.05,94.95,0,5.5,default
1853,92291,27.15,94.95,0,5.5,default
1854,92292,27.25,94.95,0,5.5,default
1855,92293,27.35,94.95,0,5.5,default
1856,92294,27.45,94.95,0,5.5,default
1857,92295,27.55,94.95,0,5.5,default
1858,92296,27.65,94.95,0,5.5,default
1859,92297,27.75,94.95,0,5.5,default
1860,92298,27.85,94.95,0,5.5,default
1861,92299,27.95,94.95,0,5.5,default
1862,92300,28.05,94.95,0,5.5,default
1863,92301,28.15,94.95,0,5.5,default
1864,92302,28.25,94.95,0,5.5,default
1865,92303,28.35,94.95,0,5.5,default
1866,92304,28.45,94.95,0,5.5,default
1867,92305,28.55,94.95,0,5.5,default
1868,92306,28.65,94.95,0,5.5,default
1869,92307,28.75,94.95,0,5.5,default
1870,92308,28.85,94.95,0,5.5,default
1871,92309,28.95,94.95,0,5.5,default
1872,92310,29.05,94.95,0,5.5,default
1873,92311,29.15,94.95,0,5.5,default
1874,92609,25.95,95.05,0,5.5,default
1875,92610,26.05,95.05,0,5.5,default
1876,92611,26.15,95.05,0,5.5,default
1877,92612,26.25,95.05,0,5.5,default
1878,92613,26.35,95.05,0,5.5,default
1879,92614,26.45,95.05,0,5.5,default
1880,92615,26.55,95.05,0,5.5,default
1881,92616,26.65,95.05,0,5.5,default
1882,92617,26.75,95.05,0,5.5,default
1883,92618,26.85,95.05,0,5.5,default
1884,92619,26.95,95.05,0,5.5,default
1885,92620,27.05,95.05,0,5.5,default
1886,92621,27.15,95.05,0,5.5,default
1887,92622,27.25,95.05,0,5.5,default
1888,92623,27.35,95.05,0,5.5,default
1889,92624,27.45,95.05,0,5.5,default
1890,92625,27.55,95.05,0,5.5,default
1891,92626,27.65,95.05,0,5.5,default
1892,92627,27.75,95.05,0,5.5,default
1893,92628,27.85,95.05,0,5.5,default
1894,92629,27.95,95.05,0,5.5,default
1895,92630,28.05,95.05,0,5.5,default
1896,92631,28.15,95.05,0,5.5,default
1897,92632,28.25,95.05,0,5.5,default
1898,92633,28.35,95.05,0,5.5,default
1899,92634,28.45,95.05,0,5.5,default
1900,92635,28.55,95.05,0,5.5,default
1901,92636,28.65,95.05,0,5.5,default
1902,92637,28.75,95.05,0,5.5,default
1903,92638,28.85,95.05,0,5.5,default
1904,92639,28.95,95.05,0,5.5,default
1905,92640,29.05,95.05,0,5.5,default
1906,92641,29.15,95.05,0,5.5,default
1907,92940,26.05,95.15,0,5.5,default
1908,92946,26.65,95.15,0,5.5,default
1909,92947,26.75,95.15,0,5.5,default
1910,92948,26.85,95.15,0,5.5,default
1911,92949,26.95,95.15,0,5.5,default
1912,92950,27.05,95.15,0,5.5,default
1913,92951,27.15,95.15,0,5.5,default
1914,92952,27.25,95.15,0,5.5,default
1915,92953,27.35,95.15,0,5.5,default
1916,92954,27.45,95.15,0,5.5,default
1917,92955,27.55,95.15,0,5.5,default
1918,92956,27.65,95.15,0,5.5,default
1919,92957,27.75,95.15,0,5.5,default
1920,92958,27.85,95.15,0,5.5,default
1921,92959,27.95,95.15,0,5.5,default
1922,92960,28.05,95.15,0,5.5,default
1923,92961,28.15,95.15,0,5.5,default
1924,92962,28.25,95.15,0,5.5,default
1925,92963,28.35,95.15,0,5.5,default
1926,92964,28.45,95.15,0,5.5,default
1927,92965,28.55,95.15,0,5.5,default
1928,92966,28.65,95.15,0,5.5,default
1929,92967,28.75,95.15,0,5.5,default
1930,92968,28.85,95.15,0,5.5,default
1931,92969,28.95,95.15,0,5.5,default
1932,92970,29.05,95.15,0,5.5,default
1933,93277,26.75,95.25,0,5.5,default
1934,93278,26.85,95.25,0,5.5,default
1935,93279,26.95,95.25,0,5.5,default
1936,93280,27.05,95.25,0,5.5,default
1937,93281,27.15,95.25,0,5.5,default
1938,93282,27.25,95.25,0,5.5,default
1939,93283,27.35,95.25,0,5.5,default
1940,93284,27.45,95.25,0,5.5,default
1941,93285,27.55,95.25,0,5.5,default
1942,93286,27.65,95.25,0,5.5,default
1943,93287,27.75,95.25,0,5.5,default
1944,93288,27.85,95.25,0,5.5,default
1945,93289,27.95,95.25,0,5.5,default
1946,93290,28.05,95.25,0,5.5,default
1947,93291,28.15,95.25,0,5.5,default
1948,93292,28.25,95.25,0,5.5,default
1949,93293,28.35,95.25,0,5.5,default
1950,93294,28.45,95.25,0,5.5,default
1951,93295,28.55,95.25,0,5.5,default
1952,93296,28.65,95.25,0,5.5,default
1953,93297,28.75,95.25,0,5.5,default
1954,93298,28.85,95.25,0,5.5,default
1955,93299,28.95,95.25,0,5.5,default
1956,93300,29.05,95.25,0,5.5,default
1957,93607,26.75,95.35,0,5.5,default
1958,93608,26.85,95.35,0,5.5,default
1959,93609,26.95,95.35,0,5.5,default
1960,93610,27.05,95.35,0,5.5,default
1961,93611,27.15,95.35,0,5.5,default
1962,93612,27.25,95.35,0,5.5,default
1963,93613,27.35,95.35,0,5.5,default
1964,93614,27.45,95.35,0,5.5,default
1965,93615,27.55,95.35,0,5.5,default
1966,93616,27.65,95.35,0,5.5,default
1967,93617,27.75,95.35,0,5.5,default
1968,93618,27.85,95.35,0,5.5,default
1969,93619,27.95,95.35,0,5.5,default
1970,93620,28.05,95.35,0,5.5,default
1971,93621,28.15,95.35,0,5.5,default
1972,93622,28.25,95.35,0,5.5,default
1973,93623,28.35,95.35,0,5.5,default
1974,93624,28.45,95.35,0,5.5,default
1975,93625,28.55,95.35,0,5.5,default
1976,93626,28.65,95.35,0,5.5,default
1977,93627,28.75,95.35,0,5.5,default
1978,93628,28.85,95.35,0,5.5,default
1979,93629,28.95,95.35,0,5.5,default
1980,93937,26.75,95.45,0,5.5,default
1981,93938,26.85,95.45,0,5.5,default
1982,93939,26.95,95.45,0,5.5,default
1983,93940,27.05,95.45,0,5.5,default
1984,93941,27.15,95.45,0,5.5,default
1985,93942,27.25,95.45,0,5.5,default
1986,93943,27.35,95.45,0,5.5,default
1987,93944,27.45,95.45,0,5.5,default
1988,93945,27.55,95.45,0,5.5,default
1989,93946,27.65,95.45,0,5.5,default
1990,93947,27.75,95.45,0,5.5,default
1991,93948,27.85,95.45,0,5.5,default
1992,93949,27.95,95.45,0,5.5,default
1993,93950,28.05,95.45,0,5.5,default
1994,93951,28.15,95.45,0,5.5,default
1995,93952,28.25,95.45,0,5.5,default
1996,93953,28.35,95.45,0,5.5,default
1997,93954,28.45,95.45,0,5.5,default
1998,93955,28.55,95.45,0,5.5,default
1999,93956,28.65,95.45,0,5.5,default
2000,93957,28.75,95.45,0,5.5,default
2001,93958,28.85,95.45,0,5.5,default
2002,93959,28.95,95.45,0,5.5,default
2003,94268,26.85,95.55,0,5.5,default
2004,94269,26.95,95.55,0,5.5,default
2005,94270,27.05,95.55,0,5.5,default
2006,94271,27.15,95.55,0,5.5,default
2007,94272,27.25,95.55,0,5.5,default
2008,94273,27.35,95.55,0,5.5,default
2009,94274,27.45,95.55,0,5.5,default
2010,94275,27.55,95.55,0,5.5,default
2011,94276,27.65,95.55,0,5.5,default
2012,94277,27.75,95.55,0,5.5,default
2013,94278,27.85,95.55,0,5.5,default
2014,94279,27.95,95.55,0,5.5,default
2015,94280,28.05,95.55,0,5.5,default
2016,94281,28.15,95.55,0,5.5,default
2017,94282,28.25,95.55,0,5.5,default
2018,94283,28.35,95.55,0,5.5,default
2019,94284,28.45,95.55,0,5.5,default
2020,94285,28.55,95.55,0,5.5,default
2021,94286,28.65,95.55,0,5.5,default
2022,94287,28.75,95.55,0,5.5,default
2023,94288,28.85,95.55,0,5.5,default
2024,94289,28.95,95.55,0,5.5,default
2025,94290,29.05,95.55,0,5.5,default
2026,94291,29.15,95.55,0,5.5,default
2027,94599,26.95,95.65,0,5.5,default
2028,94600,27.05,95.65,0,5.5,default
2029,94601,27.15,95.65,0,5.5,default
2030,94602,27.25,95.65,0,5.5,default
2031,94603,27.35,95.65,0,5.5,default
2032,94604,27.45,95.65,0,5.5,default
2033,94605,27.55,95.65,0,5.5,default
2034,94606,27.65,95.65,0,5.5,default
2035,94607,27.75,95.65,0,5.5,default
2036,94608,27.85,95.65,0,5.5,default
2037,94609,27.95,95.65,0,5.5,default
2038,94610,28.05,95.65,0,5.5,default
2039,94611,28.15,95.65,0,5.5,default
2040,94612,28.25,95.65,0,5.5,default
2041,94613,28.35,95.65,0,5.5,default
2042,94614,28.45,95.65,0,5.5,default
2043,94615,28.55,95.65,0,5.5,default
2044,94616,28.65,95.65,0,5.5,default
2045,94617,28.75,95.65,0,5.5,default
2046,94618,28.85,95.65,0,5.5,default
2047,94619,28.95,95.65,0,5.5,default
2048,94620,29.05,95.65,0,5.5,default
2049,94621,29.15,95.65,0,5.5,default
2051,94929,26.95,95.75,0,5.5,default
2052,94930,27.05,95.75,0,5.5,default
2053,94931,27.15,95.75,0,5.5,default
2054,94932,27.25,95.75,0,5.5,default
2055,94933,27.35,95.75,0,5.5,default
2056,94934,27.45,95.75,0,5.5,default
2057,94935,27.55,95.75,0,5.5,default
2058,94936,27.65,95.75,0,5.5,default
2059,94937,27.75,95.75,0,5.5,default
2060,94938,27.85,95.75,0,5.5,default
2061,94939,27.95,95.75,0,5.5,default
2062,94940,28.05,95.75,0,5.5,default
2063,94941,28.15,95.75,0,5.5,default
2064,94942,28.25,95.75,0,5.5,default
2065,94943,28.35,95.75,0,5.5,default
2066,94944,28.45,95.75,0,5.5,default
2067,94945,28.55,95.75,0,5.5,default
2068,94946,28.65,95.75,0,5.5,default
2069,94947,28.75,95.75,0,5.5,default
2070,94948,28.85,95.75,0,5.5,default
2071,94949,28.95,95.75,0,5.5,default
2072,94950,29.05,95.75,0,5.5,default
2073,94951,29.15,95.75,0,5.5,default
2074,94952,29.25,95.75,0,5.5,default
2075,95260,27.05,95.85,0,5.5,default
2076,95261,27.15,95.85,0,5.5,default
2077,95262,27.25,95.85,0,5.5,default
2078,95263,27.35,95.85,0,5.5,default
2079,95264,27.45,95.85,0,5.5,default
2080,95265,27.55,95.85,0,5.5,default
2081,95266,27.65,95.85,0,5.5,default
2082,95267,27.75,95.85,0,5.5,default
2083,95268,27.85,95.85,0,5.5,default
2084,95269,27.95,95.85,0,5.5,default
2085,95270,28.05,95.85,0,5.5,default
2086,95271,28.15,95.85,0,5.5,default
2087,95272,28.25,95.85,0,5.5,default
2088,95273,28.35,95.85,0,5.5,default
2089,95274,28.45,95.85,0,5.5,default
2090,95275,28.55,95.85,0,5.5,default
2091,95276,28.65,95.85,0,5.5,default
2092,95277,28.75,95.85,0,5.5,default
2093,95278,28.85,95.85,0,5.5,default
2094,95279,28.95,95.85,0,5.5,default
2095,95280,29.05,95.85,0,5.5,default
2096,95281,29.15,95.85,0,5.5,default
2097,95282,29.25,95.85,0,5.5,default
2099,95591,27.15,95.95,0,5.5,default
2100,95592,27.25,95.95,0,5.5,default
2101,95593,27.35,95.95,0,5.5,default
2102,95594,27.45,95.95,0,5.5,default
2103,95595,27.55,95.95,0,5.5,default
2104,95596,27.65,95.95,0,5.5,default
2105,95597,27.75,95.95,0,5.5,default
2106,95598,27.85,95.95,0,5.5,default
2107,95599,27.95,95.95,0,5.5,default
2108,95600,28.05,95.95,0,5.5,default
2109,95601,28.15,95.95,0,5.5,default
2110,95602,28.25,95.95,0,5.5,default
2111,95603,28.35,95.95,0,5.5,default
2112,95604,28.45,95.95,0,5.5,default
2113,95605,28.55,95.95,0,5.5,default
2114,95606,28.65,95.95,0,5.5,default
2115,95607,28.75,95.95,0,5.5,default
2116,95608,28.85,95.95,0,5.5,default
2117,95609,28.95,95.95,0,5.5,default
2118,95610,29.05,95.95,0,5.5,default
2119,95611,29.15,95.95,0,5.5,default
2120,95612,29.25,95.95,0,5.5,default
2121,95613,29.35,95.95,0,5.5,default
2122,95922,27.25,96.05,0,5.5,default
2123,95923,27.35,96.05,0,5.5,default
2124,95924,27.45,96.05,0,5.5,default
2125,95925,27.55,96.05,0,5.5,default
2126,95926,27.65,96.05,0,5.5,default
2127,95927,27.75,96.05,0,5.5,default
2128,95928,27.85,96.05,0,5.5,default
2129,95929,27.95,96.05,0,5.5,default
2130,95930,28.05,96.05,0,5.5,default
2131,95931,28.15,96.05,0,5.5,default
2132,95932,28.25,96.05,0,5.5,default
2133,95933,28.35,96.05,0,5.5,default
2134,95934,28.45,96.05,0,5.5,default
2135,95935,28.55,96.05,0,5.5,default
2136,95936,28.65,96.05,0,5.5,default
2137,95937,28.75,96.05,0,5.5,default
2138,95938,28.85,96.05,0,5.5,default
2139,95939,28.95,96.05,0,5.5,default
2140,95940,29.05,96.05,0,5.5,default
2141,95941,29.15,96.05,0,5.5,default
2142,95942,29.25,96.05,0,5.5,default
2143,95943,29.35,96.05,0,5.5,default
2145,96252,27.25,96.15,0,5.5,default
2146,96253,27.35,96.15,0,5.5,default
2147,96254,27.45,96.15,0,5.5,default
2148,96255,27.55,96.15,0,5.5,default
2149,96256,27.65,96.15,0,5.5,default
2150,96257,27.75,96.15,0,5.5,default
2151,96258,27.85,96.15,0,5.5,default
2152,96259,27.95,96.15,0,5.5,default
2153,96260,28.05,96.15,0,5.5,default
2154,96261,28.15,96.15,0,5.5,default
2155,96262,28.25,96.15,0,5.5,default
2156,96263,28.35,96.15,0,5.5,default
2157,96264,28.45,96.15,0,5.5,default
2158,96265,28.55,96.15,0,5.5,default
2159,96266,28.65,96.15,0,5.5,default
2160,96267,28.75,96.15,0,5.5,default
2161,96268,28.85,96.15,0,5.5,default
2162,96269,28.95,96.15,0,5.5,default
2163,96270,29.05,96.15,0,5.5,default
2164,96271,29.15,96.15,0,5.5,default
2165,96272,29.25,96.15,0,5.5,default
2166,96273,29.35,96.15,0,5.5,default
2167,96583,27.35,96.25,0,5.5,default
2168,96584,27.45,96.25,0,5.5,default
2169,96585,27.55,96.25,0,5.5,default
2170,96586,27.65,96.25,0,5.5,default
2171,96587,27.75,96.25,0,5.5,default
2172,96588,27.85,96.25,0,5.5,default
2173,96589,27.95,96.25,0,5.5,default
2174,96590,28.05,96.25,0,5.5,default
2175,96591,28.15,96.25,0,5.5,default
2176,96592,28.25,96.25,0,5.5,default
2177,96593,28.35,96.25,0,5.5,default
2178,96594,28.45,96.25,0,5.5,default
2179,96595,28.55,96.25,0,5.5,default
2180,96596,28.65,96.25,0,5.5,default
2181,96597,28.75,96.25,0,5.5,default
2182,96598,28.85,96.25,0,5.5,default
2183,96913,27.35,96.35,0,5.5,default
2184,96914,27.45,96.35,0,5.5,default
2185,96915,27.55,96.35,0,5.5,default
2186,96916,27.65,96.35,0,5.5,default
2187,96917,27.75,96.35,0,5.5,default
2188,96918,27.85,96.35,0,5.5,default
2189,96919,27.95,96.35,0,5.5,default
2190,96920,28.05,96.35,0,5.5,default
2191,96921,28.15,96.35,0,5.5,default
2192,96922,28.25,96.35,0,5.5,default
2193,96923,28.35,96.35,0,5.5,default
2194,96926,28.65,96.35,0,5.5,default
2195,96927,28.75,96.35,0,5.5,default
2196,96928,28.85,96.35,0,5.5,default
2197,96929,28.95,96.35,0,5.5,default
2198,96932,29.25,96.35,0,5.5,default
2199,97243,27.35,96.45,0,5.5,default
2200,97244,27.45,96.45,0,5.5,default
2201,97245,27.55,96.45,0,5.5,default
2202,97246,27.65,96.45,0,5.5,default
2203,97247,27.75,96.45,0,5.5,default
2204,97248,27.85,96.45,0,5.5,default
2205,97249,27.95,96.45,0,5.5,default
2206,97250,28.05,96.45,0,5.5,default
2207,97251,28.15,96.45,0,5.5,default
2208,97252,28.25,96.45,0,5.5,default
2209,97253,28.35,96.45,0,5.5,default
2210,97256,28.65,96.45,0,5.5,default
2211,97257,28.75,96.45,0,5.5,default
2212,97258,28.85,96.45,0,5.5,default
2213,97259,28.95,96.45,0,5.5,default
2214,97573,27.35,96.55,0,5.5,default
2215,97574,27.45,96.55,0,5.5,default
2216,97575,27.55,96.55,0,5.5,default
2217,97576,27.65,96.55,0,5.5,default
2218,97577,27.75,96.55,0,5.5,default
2219,97578,27.85,96.55,0,5.5,default
2220,97579,27.95,96.55,0,5.5,default
2221,97580,28.05,96.55,0,5.5,default
2222,97581,28.15,96.55,0,5.5,default
2223,97582,28.25,96.55,0,5.5,default
2224,97583,28.35,96.55,0,5.5,default
2225,97587,28.75,96.55,0,5.5,default
2226,97588,28.85,96.55,0,5.5,default
2227,97904,27.45,96.65,0,5.5,default
2228,97905,27.55,96.65,0,5.5,default
2229,97906,27.65,96.65,0,5.5,default
2230,97907,27.75,96.65,0,5.5,default
2231,97908,27.85,96.65,0,5.5,default
2232,97909,27.95,96.65,0,5.5,default
2233,97910,28.05,96.65,0,5.5,default
2234,97911,28.15,96.65,0,5.5,default
2235,97912,28.25,96.65,0,5.5,default
2236,97913,28.35,96.65,0,5.5,default
2237,97914,28.45,96.65,0,5.5,default
2238,98234,27.45,96.75,0,5.5,default
2239,98235,27.55,96.75,0,5.5,default
2240,98236,27.65,96.75,0,5.5,default
2241,98237,27.75,96.75,0,5.5,default
2242,98238,27.85,96.75,0,5.5,default
2243,98239,27.95,96.75,0,5.5,default
2244,98240,28.05,96.75,0,5.5,default
2245,98241,28.15,96.75,0,5.5,default
2246,98242,28.25,96.75,0,5.5,default
2247,98243,28.35,96.75,0,5.5,default
2248,98563,27.35,96.85,0,5.5,default
2249,98564,27.45,96.85,0,5.5,default
2250,98565,27.55,96.85,0,5.5,default
2251,98566,27.65,96.85,0,5.5,default
2252,98567,27.75,96.85,0,5.5,default
2253,98568,27.85,96.85,0,5.5,default
2254,98569,27.95,96.85,0,5.5,default
2255,98570,28.05,96.85,0,5.5,default
2256,98571,28.15,96.85,0,5.5,default
2257,98572,28.25,96.85,0,5.5,default
2258,98573,28.35,96.85,0,5.5,default
2259,98892,27.25,96.95,0,5.5,default
2260,98893,27.35,96.95,0,5.5,default
2261,98897,27.75,96.95,0,5.5,default
2262,98898,27.85,96.95,0,5.5,default
2263,98899,27.95,96.95,0,5.5,default
2264,98900,28.05,96.95,0,5.5,default
2265,98901,28.15,96.95,0,5.5,default
2266,98902,28.25,96.95,0,5.5,default
2267,99221,27.15,97.05,0,5.5,default
2268,99222,27.25,97.05,0,5.5,default
2269,99227,27.75,97.05,0,5.5,default
2270,99228,27.85,97.05,0,5.5,default
2271,99229,27.95,97.05,0,5.5,default
2272,99230,28.05,97.05,0,5.5,default
2273,99231,28.15,97.05,0,5.5,default
2274,99232,28.25,97.05,0,5.5,default
2276,99551,27.15,97.15,0,5.5,default
2277,99558,27.85,97.15,0,5.5,default
2278,99559,27.95,97.15,0,5.5,default
2279,99560,28.05,97.15,0,5.5,default
2280,99561,28.15,97.15,0,5.5,default
2281,99562,28.25,97.15,0,5.5,default
2282,99889,27.95,97.25,0,5.5,default
2283,99890,28.05,97.25,0,5.5,default
2284,99891,28.15,97.25,0,5.5,default
2285,99892,28.25,97.25,0,5.5,default
2286,100219,27.95,97.35,0,5.5,default
2287,100220,28.05,97.35,0,5.5,default
